Rk,Player,Pos,Age,Tm,G,GS,MP,FG,FGA,FG%,3P,3PA,3P%,2P,2PA,2P%,eFG%,FT,FTA,FT%,ORB,DRB,TRB,AST,STL,BLK,TOV,PF,PTS,Player-additional
1,Precious Achiuwa,PF-C,24,TOT,52,13,22.4,3.4,6.8,.492,0.4,1.5,.253,3.0,5.3,.560,.520,1.0,1.5,.646,2.7,3.9,6.6,1.4,0.6,0.8,1.1,1.9,8.1,achiupr01
1,Precious Achiuwa,C,24,TOR,25,0,17.5,3.1,6.8,.459,0.5,1.9,.277,2.6,4.9,.528,.497,1.0,1.7,.571,2.0,3.4,5.4,1.8,0.6,0.5,1.2,1.6,7.7,achiupr01
1,Precious Achiuwa,PF,24,NYK,27,13,27.0,3.6,6.9,.522,0.3,1.2,.219,3.3,5.7,.584,.540,1.0,1.4,.730,3.3,4.3,7.6,1.0,0.6,1.1,1.0,2.2,8.4,achiupr01
2,Bam Adebayo,C,26,MIA,48,48,34.6,7.7,15.0,.515,0.0,0.3,.083,7.7,14.8,.523,.516,4.8,6.3,.773,2.2,8.3,10.5,4.1,1.1,1.0,2.6,2.4,20.3,adebaba01
3,Ochai Agbaji,SG,23,TOT,57,10,19.2,2.1,4.9,.429,0.9,2.8,.333,1.2,2.2,.553,.523,0.4,0.5,.778,0.7,1.7,2.4,0.9,0.5,0.5,0.7,1.3,5.5,agbajoc01
3,Ochai Agbaji,SG,23,UTA,51,10,19.7,2.1,4.9,.426,0.9,2.8,.331,1.2,2.1,.551,.520,0.3,0.4,.750,0.7,1.8,2.5,0.9,0.5,0.6,0.7,1.3,5.4,agbajoc01
3,Ochai Agbaji,SG,23,TOR,6,0,15.5,2.5,5.5,.455,1.0,2.8,.353,1.5,2.7,.563,.545,1.0,1.2,.857,0.7,1.0,1.7,1.0,0.5,0.3,1.2,1.2,7.0,agbajoc01
4,Santi Aldama,PF,23,MEM,46,20,24.7,3.9,9.0,.430,1.7,4.8,.342,2.2,4.2,.531,.522,0.8,1.3,.597,1.2,4.4,5.5,2.2,0.7,0.7,1.1,1.5,10.2,aldamsa01
5,Nickeil Alexander-Walker,SG,25,MIN,58,16,23.0,2.5,6.0,.420,1.4,3.9,.367,1.1,2.1,.516,.539,0.5,0.7,.775,0.4,1.6,2.0,2.6,0.8,0.5,1.0,1.9,7.0,alexani01
6,Grayson Allen,SG,28,PHO,52,52,33.1,4.3,8.5,.508,2.6,5.3,.486,1.8,3.2,.545,.659,1.8,2.0,.886,0.7,3.3,4.0,3.2,0.8,0.7,1.3,2.2,13.0,allengr01
7,Jarrett Allen,C,25,CLE,52,52,31.0,6.6,10.2,.645,0.0,0.1,.000,6.6,10.1,.651,.645,2.8,3.8,.730,3.4,7.2,10.6,2.7,0.8,1.1,1.7,2.2,16.0,allenja01
8,Jose Alvarado,PG,25,NOP,39,0,16.8,2.5,6.1,.414,1.3,3.5,.358,1.3,2.6,.490,.517,0.7,1.0,.675,0.4,1.8,2.2,1.9,1.1,0.4,0.7,1.5,7.0,alvarjo01
9,Kyle Anderson,PF,30,MIN,58,4,22.0,2.4,5.1,.473,0.1,0.6,.206,2.3,4.5,.508,.485,1.2,1.7,.700,0.8,2.8,3.5,4.1,0.8,0.5,1.3,1.5,6.2,anderky01
10,Giannis Antetokounmpo,PF,29,MIL,57,57,34.9,11.5,18.6,.616,0.5,1.7,.276,11.0,16.9,.651,.629,7.3,11.1,.658,2.5,8.7,11.2,6.3,1.3,1.0,3.5,2.9,30.7,antetgi01
11,Thanasis Antetokounmpo,PF,31,MIL,25,0,4.9,0.5,1.0,.500,0.0,0.0,.000,0.5,0.9,.522,.500,0.0,0.1,.000,0.2,0.2,0.4,0.5,0.1,0.2,0.4,0.8,1.0,antetth01
12,Cole Anthony,PG,23,ORL,58,0,23.1,4.1,9.6,.433,1.1,3.3,.333,3.1,6.3,.485,.490,2.6,3.1,.834,0.8,3.1,3.9,3.1,0.8,0.4,1.7,2.5,12.0,anthoco01
13,OG Anunoby,SF,26,TOT,41,41,34.1,5.8,11.7,.498,2.1,5.5,.379,3.7,6.1,.606,.588,1.6,2.0,.774,1.0,3.2,4.2,2.3,1.3,0.7,1.5,2.3,15.3,anunoog01
13,OG Anunoby,SF,26,TOR,27,27,33.3,5.8,11.9,.489,2.3,6.0,.374,3.6,5.9,.608,.584,1.2,1.7,.717,0.9,3.0,3.9,2.7,1.0,0.5,1.6,2.3,15.1,anunoog01
13,OG Anunoby,SF,26,NYK,14,14,35.7,5.8,11.2,.516,1.8,4.6,.391,4.0,6.6,.602,.596,2.3,2.7,.842,1.1,3.6,4.6,1.5,1.8,1.1,1.4,2.4,15.6,anunoog01
14,Ryan Arcidiacono,PG,29,NYK,20,0,2.3,0.0,0.3,.000,0.0,0.3,.000,0.0,0.0,,.000,0.0,0.0,,0.0,0.4,0.4,0.2,0.1,0.0,0.1,0.3,0.0,arcidry01
15,Deni Avdija,SF,23,WAS,55,55,28.1,5.0,9.8,.513,1.1,2.8,.404,3.9,7.0,.557,.571,2.4,3.2,.740,1.0,5.5,6.5,3.7,0.8,0.4,2.0,2.5,13.6,avdijde01
16,Deandre Ayton,C,25,POR,40,40,31.6,6.6,11.6,.570,0.0,0.0,,6.6,11.6,.570,.570,1.1,1.3,.824,3.0,7.6,10.6,1.7,1.1,0.8,1.7,2.2,14.3,aytonde01
17,Udoka Azubuike,C,24,PHO,14,0,7.6,1.1,1.6,.727,0.0,0.0,,1.1,1.6,.727,.727,0.2,0.8,.273,0.8,1.5,2.3,0.2,0.1,0.4,0.3,1.2,2.5,azubuud01
18,Ibou Badji,C,21,POR,17,1,11.7,0.7,1.1,.632,0.0,0.0,,0.7,1.1,.632,.632,0.3,0.6,.500,1.1,1.7,2.8,0.8,0.1,1.2,0.8,2.4,1.7,badjiib01
19,Marvin Bagley III,C,24,TOT,41,19,20.7,4.6,8.0,.573,0.1,0.4,.250,4.5,7.7,.589,.579,2.1,2.8,.750,2.7,3.4,6.0,1.2,0.4,0.6,1.2,1.8,11.4,baglema01
19,Marvin Bagley III,C,24,DET,26,10,18.4,4.1,7.0,.591,0.0,0.2,.167,4.1,6.7,.606,.594,1.9,2.3,.820,1.8,2.8,4.5,1.0,0.2,0.5,1.1,1.5,10.2,baglema01
19,Marvin Bagley III,C,24,WAS,15,9,24.6,5.5,9.9,.550,0.2,0.7,.300,5.3,9.3,.568,.560,2.5,3.7,.673,4.3,4.4,8.7,1.5,0.7,0.8,1.4,2.1,13.6,baglema01
20,Amari Bailey,PG,19,CHO,3,0,5.0,0.7,2.3,.286,0.0,1.0,.000,0.7,1.3,.500,.286,0.3,0.7,.500,0.7,0.0,0.7,0.3,0.0,0.0,0.3,0.0,1.7,baileam01
21,Patrick Baldwin Jr.,SF,21,WAS,20,0,7.6,0.9,2.4,.383,0.6,1.4,.407,0.4,1.0,.350,.500,0.4,0.6,.667,0.4,1.8,2.2,0.4,0.1,0.2,0.3,1.1,2.8,baldwpa01
22,LaMelo Ball,PG,22,CHO,22,22,32.3,8.3,19.2,.433,3.2,9.0,.355,5.1,10.3,.500,.515,4.1,4.7,.865,1.3,3.8,5.1,8.0,1.8,0.2,3.8,3.6,23.9,ballla01
23,Mo Bamba,C,25,PHI,36,0,10.8,1.6,3.3,.475,0.4,0.9,.438,1.2,2.4,.488,.534,0.5,0.8,.586,1.4,2.3,3.7,0.7,0.3,1.0,0.7,1.5,4.0,bambamo01
24,Paolo Banchero,PF,21,ORL,57,57,34.8,8.1,17.7,.456,1.5,4.2,.364,6.5,13.5,.484,.499,5.0,7.1,.700,1.1,5.7,6.8,5.2,1.0,0.5,3.0,2.0,22.7,banchpa01
25,Desmond Bane,SG,25,MEM,37,37,34.5,8.9,18.8,.474,3.3,8.6,.384,5.6,10.2,.551,.563,3.3,3.8,.864,0.9,3.6,4.6,5.3,1.0,0.5,2.7,2.9,24.4,banede01
26,Dalano Banton,PG,24,TOT,30,1,9.1,1.2,3.1,.394,0.2,1.0,.200,1.0,2.1,.484,.426,1.0,1.4,.707,0.6,1.2,1.7,1.0,0.3,0.1,0.6,0.8,3.6,bantoda01
26,Dalano Banton,PG,24,BOS,24,1,7.1,0.8,2.1,.373,0.1,0.7,.125,0.7,1.5,.486,.392,0.7,0.8,.800,0.5,1.0,1.5,0.8,0.2,0.1,0.4,0.8,2.3,bantoda01
26,Dalano Banton,PG,24,POR,6,0,17.0,3.0,7.2,.419,0.7,2.3,.286,2.3,4.8,.483,.465,2.2,3.5,.619,0.8,2.0,2.8,1.7,0.5,0.2,1.2,0.8,8.8,bantoda01
27,Dominick Barlow,PF,20,SAS,23,1,13.3,1.7,3.7,.476,0.1,0.3,.429,1.6,3.3,.481,.494,1.0,1.5,.647,1.4,2.2,3.7,1.1,0.4,0.5,0.2,1.4,4.6,barlodo01
28,Harrison Barnes,PF,31,SAC,57,57,29.6,4.2,8.7,.486,1.9,4.8,.403,2.3,3.9,.587,.597,1.8,2.3,.814,0.8,2.1,2.9,1.1,0.7,0.2,0.7,1.3,12.2,barneha02
29,Scottie Barnes,SG,22,TOR,58,58,35.2,7.5,15.7,.475,1.7,4.9,.346,5.8,10.8,.534,.530,3.4,4.3,.786,2.3,5.9,8.2,6.1,1.2,1.5,2.7,2.0,20.0,barnesc01
30,RJ Barrett,SG,23,TOT,47,47,31.2,7.0,14.7,.478,1.6,4.4,.351,5.5,10.3,.533,.531,3.5,4.8,.730,0.9,4.4,5.3,3.0,0.5,0.4,1.9,2.2,19.1,barrerj01
30,RJ Barrett,SG,23,NYK,26,26,29.5,6.3,14.9,.423,1.7,5.0,.331,4.7,9.9,.469,.478,4.0,4.8,.831,0.7,3.5,4.3,2.4,0.5,0.3,1.8,1.7,18.2,barrerj01
30,RJ Barrett,SG,23,TOR,21,21,33.4,8.0,14.5,.549,1.4,3.7,.385,6.5,10.8,.606,.599,3.0,4.9,.608,1.1,5.5,6.6,3.8,0.6,0.4,2.1,2.8,20.3,barrerj01
31,Charles Bassey,C,23,SAS,19,0,10.8,1.5,2.1,.725,0.0,0.1,.000,1.5,2.1,.744,.725,0.3,0.3,.833,1.2,2.8,4.0,1.1,0.4,0.9,0.8,1.6,3.3,bassech01
32,Emoni Bates,SF,20,CLE,10,0,7.6,0.6,2.5,.240,0.5,2.0,.250,0.1,0.5,.200,.340,0.1,0.2,.500,0.1,0.9,1.0,0.6,0.1,0.2,0.1,0.5,1.8,batesem01
33,Keita Bates-Diop,SF,28,TOT,44,8,14.3,1.6,3.6,.434,0.5,1.5,.309,1.1,2.1,.527,.500,0.6,0.9,.737,0.7,1.7,2.4,0.8,0.5,0.5,0.3,0.8,4.3,bateske01
33,Keita Bates-Diop,SF,28,PHO,39,8,15.3,1.6,3.8,.427,0.5,1.6,.313,1.1,2.2,.512,.493,0.7,0.9,.722,0.8,1.8,2.6,0.9,0.6,0.5,0.3,0.8,4.5,bateske01
33,Keita Bates-Diop,SF,28,BRK,5,0,6.6,1.0,1.8,.556,0.2,0.8,.250,0.8,1.0,.800,.611,0.4,0.4,1.000,0.0,0.6,0.6,0.4,0.2,0.4,0.2,0.0,2.6,bateske01
34,Nicolas Batum,PF,35,TOT,38,29,23.7,1.9,3.8,.507,1.2,2.8,.448,0.7,1.0,.667,.670,0.2,0.4,.643,1.1,2.5,3.6,2.1,0.7,0.7,0.6,2.0,5.3,batumni01
34,Nicolas Batum,PF,35,LAC,3,0,18.0,1.0,2.7,.375,0.7,2.3,.286,0.3,0.3,1.000,.500,0.0,0.0,,0.0,2.3,2.3,1.7,1.0,1.3,0.3,1.7,2.7,batumni01
34,Nicolas Batum,PF,35,PHI,35,29,24.2,2.0,3.9,.515,1.3,2.8,.459,0.7,1.1,.658,.680,0.3,0.4,.643,1.2,2.5,3.7,2.1,0.6,0.6,0.7,2.1,5.5,batumni01
35,Darius Bazley,PF,23,PHI,3,0,3.3,0.0,0.3,.000,0.0,0.0,,0.0,0.3,.000,.000,0.0,0.0,,0.0,0.3,0.3,0.7,0.0,0.0,0.3,0.0,0.0,bazleda01
36,Bradley Beal,SG,30,PHO,30,30,32.6,7.1,14.4,.495,1.6,4.5,.363,5.5,9.9,.556,.552,2.3,3.0,.775,0.8,3.4,4.3,4.5,0.9,0.3,2.4,2.6,18.2,bealbr01
37,Malik Beasley,SG,27,MIL,57,57,29.6,4.1,8.8,.471,2.9,6.5,.450,1.2,2.2,.531,.639,0.3,0.4,.640,0.6,3.2,3.9,1.4,0.8,0.1,0.7,2.1,11.5,beaslma01
38,MarJon Beauchamp,SF,23,MIL,42,1,13.8,1.8,3.6,.487,0.7,1.7,.400,1.1,2.0,.561,.579,0.5,0.7,.679,0.5,1.7,2.3,0.7,0.3,0.1,0.6,1.2,4.6,beaucma01
39,Jules Bernard,SG,24,WAS,6,0,4.7,0.5,2.0,.250,0.2,1.3,.125,0.3,0.7,.500,.292,0.0,0.0,,0.3,0.5,0.8,0.8,0.2,0.2,0.3,0.7,1.2,bernaju01
40,Dāvis Bertāns,PF,31,TOT,20,0,7.5,1.1,2.6,.423,1.1,2.5,.440,0.0,0.1,.000,.635,0.7,0.8,.933,0.1,0.6,0.7,0.6,0.3,0.2,0.1,0.8,4.0,bertada01
40,Dāvis Bertāns,PF,31,OKC,15,0,6.1,0.7,1.7,.385,0.7,1.6,.417,0.0,0.1,.000,.577,0.9,1.0,.933,0.1,0.5,0.7,0.6,0.2,0.2,0.1,0.7,2.9,bertada01
40,Dāvis Bertāns,PF,31,CHO,5,0,11.6,2.4,5.2,.462,2.4,5.2,.462,0.0,0.0,,.692,0.0,0.0,,0.0,0.6,0.6,0.4,0.4,0.0,0.0,1.2,7.2,bertada01
41,Patrick Beverley,PG,35,TOT,54,5,19.0,2.1,5.1,.420,0.8,2.3,.325,1.4,2.7,.500,.495,1.0,1.2,.800,0.6,2.3,2.9,3.0,0.5,0.4,1.0,1.7,6.0,beverpa01
41,Patrick Beverley,PG,35,PHI,47,5,19.6,2.2,5.1,.432,0.7,2.3,.321,1.5,2.8,.523,.504,1.1,1.3,.810,0.6,2.4,3.1,3.1,0.5,0.4,1.0,1.8,6.3,beverpa01
41,Patrick Beverley,PG,35,MIL,7,0,15.4,1.6,4.7,.333,0.9,2.4,.353,0.7,2.3,.313,.424,0.1,0.3,.500,0.7,1.3,2.0,2.6,0.7,0.3,0.7,1.6,4.1,beverpa01
42,Saddiq Bey,SF,24,ATL,57,45,32.6,4.6,10.9,.421,1.8,5.6,.323,2.8,5.3,.527,.505,2.6,3.1,.837,2.6,3.9,6.5,1.4,0.8,0.1,0.8,1.4,13.6,beysa01
43,Goga Bitadze,C,24,ORL,49,32,17.8,2.3,3.9,.605,0.0,0.2,.167,2.3,3.6,.635,.611,1.0,1.5,.658,2.1,3.3,5.3,1.5,0.6,1.4,0.7,2.1,5.7,bitadgo01
44,Onuralp Bitim,SG,24,CHI,2,0,3.0,0.0,1.0,.000,0.0,0.5,.000,0.0,0.5,.000,.000,0.0,0.0,,0.0,0.0,0.0,0.0,0.0,0.0,0.0,0.0,0.0,bitimon01
45,Bismack Biyombo,C,31,TOT,31,27,23.4,2.2,3.8,.563,0.0,0.0,,2.2,3.8,.563,.563,0.7,1.5,.478,1.8,4.4,6.2,1.6,0.3,1.1,1.3,2.7,5.0,biyombi01
45,Bismack Biyombo,C,31,MEM,30,27,23.9,2.2,4.0,.563,0.0,0.0,,2.2,4.0,.563,.563,0.7,1.5,.478,1.9,4.5,6.4,1.7,0.3,1.1,1.3,2.7,5.2,biyombi01
45,Bismack Biyombo,C,31,OKC,1,0,8.0,0.0,0.0,,0.0,0.0,,0.0,0.0,,,0.0,0.0,,0.0,1.0,1.0,0.0,0.0,1.0,1.0,1.0,0.0,biyombi01
46,Anthony Black,PG,20,ORL,54,31,18.6,1.8,3.8,.469,0.5,1.4,.373,1.3,2.4,.523,.536,0.9,1.3,.662,0.5,1.8,2.3,1.5,0.6,0.3,0.9,1.9,5.0,blackan01
47,Leaky Black,SF,24,CHO,22,3,9.9,0.8,1.8,.436,0.3,0.7,.467,0.5,1.1,.417,.526,0.4,0.6,.643,0.4,1.4,1.7,0.8,0.2,0.3,0.2,0.7,2.3,blackle01
48,Bogdan Bogdanović,SG,31,ATL,56,10,29.1,6.0,14.0,.430,3.1,8.3,.373,2.9,5.7,.514,.541,1.8,1.9,.916,0.6,2.7,3.3,2.8,1.3,0.3,1.2,2.4,16.9,bogdabo01
49,Bojan Bogdanović,PF-SF,34,TOT,34,27,31.5,6.8,14.5,.467,3.0,7.2,.419,3.7,7.3,.514,.571,2.7,3.5,.771,0.5,2.9,3.3,2.3,0.8,0.1,2.1,2.1,19.2,bogdabo02
49,Bojan Bogdanović,PF,34,DET,28,27,32.9,7.1,15.2,.468,3.1,7.4,.415,4.0,7.8,.518,.569,2.9,3.7,.779,0.5,2.9,3.4,2.5,0.8,0.1,2.3,2.0,20.2,bogdabo02
49,Bojan Bogdanović,SF,34,NYK,6,0,24.8,5.2,11.3,.456,2.8,6.5,.436,2.3,4.8,.483,.581,1.7,2.3,.714,0.5,2.7,3.2,1.2,0.8,0.2,1.2,2.7,14.8,bogdabo02
50,Bol Bol,PF,24,PHO,20,0,10.4,2.4,3.6,.653,0.4,1.0,.368,2.0,2.7,.755,.701,0.3,0.4,.750,1.0,2.4,3.3,0.5,0.3,0.7,0.5,1.1,5.4,bolbo01
51,Marques Bolden,C,25,TOT,3,0,2.7,0.0,0.0,,0.0,0.0,,0.0,0.0,,,0.0,0.0,,0.0,1.0,1.0,0.0,0.0,0.0,0.0,0.3,0.0,boldema01
51,Marques Bolden,C,25,MIL,2,0,1.5,0.0,0.0,,0.0,0.0,,0.0,0.0,,,0.0,0.0,,0.0,1.0,1.0,0.0,0.0,0.0,0.0,0.5,0.0,boldema01
51,Marques Bolden,C,25,CHO,1,0,5.0,0.0,0.0,,0.0,0.0,,0.0,0.0,,,0.0,0.0,,0.0,1.0,1.0,0.0,0.0,0.0,0.0,0.0,0.0,boldema01
52,Devin Booker,PG,27,PHO,48,48,35.6,9.6,19.3,.496,2.1,5.7,.371,7.5,13.6,.549,.551,6.2,7.0,.876,0.7,3.9,4.6,7.0,0.9,0.4,2.6,3.0,27.5,bookede01
53,Brandon Boston Jr.,SF,22,LAC,18,0,6.9,1.3,3.3,.400,0.3,1.1,.300,1.0,2.2,.450,.450,0.6,0.7,.917,0.4,0.4,0.8,0.3,0.1,0.1,0.4,0.9,3.6,bostobr01
54,Chris Boucher,PF,31,TOR,47,0,13.7,2.1,4.3,.490,0.6,1.9,.322,1.5,2.4,.623,.561,1.4,1.8,.753,1.2,2.8,4.0,0.4,0.3,0.4,0.5,1.3,6.2,bouchch01
55,James Bouknight,SG,23,CHO,14,0,5.8,1.3,2.9,.439,0.9,2.1,.433,0.4,0.8,.455,.598,0.1,0.1,.500,0.1,0.6,0.6,0.4,0.1,0.1,0.1,0.2,3.6,bouknja01
56,Jamaree Bouyea,PG,24,POR,6,0,9.5,0.8,3.5,.238,0.0,1.3,.000,0.8,2.2,.385,.238,0.0,0.0,,0.3,1.3,1.7,1.3,0.0,0.0,1.3,0.5,1.7,bouyeja01
57,Malaki Branham,PG,20,SAS,54,21,20.3,3.3,7.8,.429,1.0,3.2,.327,2.3,4.6,.498,.495,0.6,0.7,.944,0.4,1.6,2.0,2.1,0.4,0.1,1.1,1.2,8.3,branhma01
58,Christian Braun,SG,22,DEN,58,0,19.1,2.5,5.8,.439,0.7,1.8,.358,1.9,3.9,.476,.496,1.3,1.8,.716,0.9,2.7,3.6,1.4,0.4,0.4,0.7,1.5,7.0,braunch01
59,Mikal Bridges,SF,27,BRK,58,58,35.0,7.4,16.8,.444,2.5,7.0,.354,5.0,9.7,.510,.519,3.7,4.5,.819,0.8,4.0,4.8,3.7,0.9,0.4,2.2,1.5,21.1,bridgmi01
60,Miles Bridges,SF,25,CHO,47,45,37.3,8.2,17.7,.463,2.5,6.6,.373,5.7,11.0,.516,.533,2.6,3.1,.847,1.0,6.4,7.3,3.3,1.1,0.5,2.0,1.9,21.4,bridgmi02
61,Oshae Brissett,SF,25,BOS,38,0,10.6,1.2,2.7,.455,0.3,1.1,.286,0.9,1.6,.576,.515,0.9,1.4,.673,0.9,1.7,2.7,0.8,0.4,0.1,0.3,1.0,3.7,brissos01
62,Malcolm Brogdon,PG,31,POR,39,25,28.7,5.6,12.7,.440,2.1,5.1,.412,3.5,7.6,.458,.522,2.4,3.0,.819,0.7,3.1,3.8,5.5,0.7,0.2,1.5,1.5,15.7,brogdma01
63,Armoni Brooks,PG,25,BRK,10,0,10.4,1.5,4.6,.326,1.1,3.2,.344,0.4,1.4,.286,.446,0.1,0.2,.500,0.7,1.1,1.8,0.5,0.1,0.1,0.3,0.3,4.2,brookar01
64,Dillon Brooks,SF,28,HOU,49,49,31.3,4.9,11.0,.441,2.0,5.0,.397,2.9,6.0,.478,.531,1.9,2.3,.841,0.8,2.7,3.5,1.6,0.9,0.1,1.3,3.6,13.7,brookdi01
65,Bruce Brown,SG-PG,27,TOT,50,38,28.4,4.2,9.0,.469,0.8,2.7,.313,3.4,6.3,.535,.516,1.8,2.1,.857,0.8,3.6,4.4,2.8,1.0,0.3,1.1,2.3,11.0,brownbr01
65,Bruce Brown,SG,27,IND,33,33,29.7,4.5,9.5,.475,1.0,3.1,.327,3.5,6.5,.545,.527,2.0,2.5,.817,0.8,3.9,4.7,3.0,1.1,0.2,1.2,2.5,12.1,brownbr01
65,Bruce Brown,PG,27,TOR,17,5,25.8,3.6,7.9,.455,0.5,1.9,.273,3.1,5.9,.515,.489,1.4,1.4,1.000,0.9,3.1,3.9,2.2,0.8,0.5,0.9,2.0,9.1,brownbr01
66,Charlie Brown Jr.,SG,26,NYK,7,0,5.1,0.3,1.4,.200,0.3,1.0,.286,0.0,0.4,.000,.300,0.0,0.0,,0.1,0.1,0.3,0.0,0.0,0.3,0.3,0.7,0.9,brownch02
67,Greg Brown III,PF,22,DAL,6,0,6.7,0.8,1.8,.455,0.2,0.5,.333,0.7,1.3,.500,.500,0.7,1.5,.444,0.5,1.0,1.5,0.7,0.0,0.7,0.7,0.8,2.5,browngr01
68,Jaylen Brown,SF,27,BOS,53,53,33.5,8.6,17.3,.499,2.0,5.7,.347,6.7,11.6,.574,.556,3.1,4.3,.715,1.1,4.5,5.5,3.7,1.1,0.5,2.5,2.7,22.3,brownja02
69,Kendall Brown,SG,20,IND,5,0,4.0,0.6,1.2,.500,0.0,0.2,.000,0.6,1.0,.600,.500,0.8,1.2,.667,0.4,0.0,0.4,0.4,0.0,0.0,0.0,0.8,2.0,brownke03
70,Kobe Brown,PF,24,LAC,32,0,8.7,0.7,1.9,.371,0.4,1.2,.308,0.3,0.7,.478,.468,0.0,0.1,.500,0.3,1.1,1.4,0.5,0.2,0.1,0.2,1.3,1.8,brownko01
71,Moses Brown,C,24,POR,9,4,9.1,1.0,2.3,.429,0.0,0.0,,1.0,2.3,.429,.429,0.0,0.4,.000,2.0,3.1,5.1,0.2,0.2,0.3,0.4,1.2,2.0,brownmo01
72,Troy Brown Jr.,SF,24,TOT,42,3,11.5,1.5,3.4,.430,0.9,2.4,.364,0.6,1.0,.581,.556,0.5,0.6,.875,0.4,1.7,2.1,1.0,0.2,0.0,0.5,0.7,4.3,browntr01
72,Troy Brown Jr.,SF,24,MIN,37,3,11.1,1.4,3.2,.441,0.8,2.3,.369,0.6,0.9,.618,.572,0.5,0.6,.864,0.4,1.6,1.9,0.9,0.2,0.1,0.5,0.7,4.2,browntr01
72,Troy Brown Jr.,SF,24,DET,5,0,14.8,1.8,4.8,.375,1.0,3.0,.333,0.8,1.8,.444,.479,0.4,0.4,1.000,0.4,2.8,3.2,1.2,0.2,0.0,0.6,1.0,5.0,browntr01
73,Jalen Brunson,PG,27,NYK,55,55,36.0,9.8,20.5,.478,2.7,6.6,.403,7.1,13.9,.513,.543,5.5,6.5,.845,0.6,3.2,3.7,6.7,1.0,0.2,2.5,2.0,27.7,brunsja01
74,Thomas Bryant,C,26,MIA,25,3,10.4,1.8,3.1,.571,0.0,0.2,.000,1.8,2.9,.603,.571,0.7,0.9,.818,1.0,2.1,3.1,0.6,0.2,0.2,0.6,1.0,4.2,bryanth01
75,Kobe Bufkin,SG,20,ATL,7,0,8.0,1.0,3.0,.333,0.4,1.6,.273,0.6,1.4,.400,.405,0.1,0.3,.500,0.3,1.0,1.3,1.3,0.4,0.1,0.3,0.4,2.6,bufkiko01
76,Reggie Bullock,SF,32,HOU,24,0,9.1,0.9,2.1,.412,0.7,1.7,.400,0.2,0.5,.455,.569,0.0,0.0,1.000,0.1,1.3,1.4,0.4,0.2,0.1,0.3,0.5,2.5,bullore01
77,Alec Burks,SG,32,TOT,50,1,20.7,3.6,9.5,.382,2.2,5.6,.391,1.4,3.9,.369,.498,2.6,2.9,.884,0.4,2.1,2.5,1.5,0.4,0.2,0.8,1.4,12.1,burksal01
77,Alec Burks,SG,32,DET,43,0,21.0,3.7,9.4,.394,2.3,5.7,.401,1.4,3.7,.384,.516,2.8,3.1,.903,0.4,2.2,2.6,1.6,0.5,0.3,0.7,1.5,12.6,burksal01
77,Alec Burks,SG,32,NYK,7,1,18.9,3.1,10.0,.314,1.6,4.9,.324,1.6,5.1,.306,.393,1.1,1.7,.667,0.4,1.4,1.9,0.9,0.1,0.1,1.3,1.0,9.0,burksal01
78,Jared Butler,SG,23,WAS,21,0,7.8,1.5,2.8,.552,0.5,1.3,.370,1.0,1.5,.710,.638,0.6,0.7,.800,0.0,0.6,0.6,1.7,0.4,0.1,0.7,0.9,4.1,butleja02
79,Jimmy Butler,PF,34,MIA,39,39,33.7,6.7,13.3,.504,1.0,2.2,.448,5.7,11.1,.515,.541,7.0,8.2,.859,2.0,3.5,5.5,4.7,1.4,0.4,1.7,1.1,21.5,butleji01
80,Jamal Cain,PF,24,MIA,16,1,14.1,1.8,4.3,.420,0.5,1.6,.308,1.3,2.7,.488,.478,1.1,1.4,.783,0.8,1.2,2.0,0.3,0.6,0.3,0.3,1.1,5.3,cainja01
81,Kentavious Caldwell-Pope,SG,30,DEN,53,53,31.7,3.4,7.8,.438,1.4,3.8,.375,2.0,4.0,.498,.529,1.6,1.8,.916,0.4,1.9,2.4,2.3,1.3,0.4,1.0,1.8,9.9,caldwke01
82,Toumani Camara,PF,23,POR,56,36,23.7,2.6,6.1,.433,0.8,2.4,.309,1.9,3.7,.515,.494,1.0,1.4,.734,1.9,2.9,4.8,1.1,1.0,0.4,1.2,2.5,7.1,camarto01
83,Clint Capela,C,29,ATL,50,50,25.4,4.7,8.3,.563,0.0,0.0,,4.7,8.3,.563,.563,1.8,2.7,.650,4.7,5.7,10.5,0.9,0.6,1.5,0.9,2.4,11.1,capelca01
84,Jevon Carter,PG,28,CHI,55,0,13.7,1.9,5.2,.368,1.1,3.4,.332,0.8,1.8,.436,.476,0.1,0.1,.600,0.1,0.7,0.8,1.2,0.5,0.2,0.5,1.0,5.0,carteje01
85,Wendell Carter Jr.,C,24,ORL,33,27,26.1,4.3,7.8,.544,1.2,2.9,.411,3.1,5.0,.622,.620,1.8,2.6,.718,1.8,4.8,6.6,1.6,0.5,0.5,1.2,2.4,11.6,cartewe01
86,D.J. Carton,SG,23,TOR,1,0,4.0,1.0,1.0,1.000,0.0,0.0,,1.0,1.0,1.000,1.000,1.0,1.0,1.000,0.0,1.0,1.0,0.0,0.0,0.0,0.0,2.0,3.0,cartodj01
87,Alex Caruso,SG,29,CHI,50,37,27.2,3.5,7.3,.474,1.7,4.4,.386,1.8,2.9,.607,.590,1.1,1.5,.781,1.0,2.8,3.7,2.8,1.5,1.1,1.4,2.6,9.8,carusal01
88,Colin Castleton,C,23,LAL,7,0,5.1,1.0,1.4,.700,0.0,0.0,,1.0,1.4,.700,.700,0.6,0.6,1.000,0.6,0.7,1.3,0.4,0.0,0.0,0.1,1.0,2.6,castlco01
89,Malcolm Cazalon,SG,22,DET,1,0,3.0,0.0,0.0,,0.0,0.0,,0.0,0.0,,,0.0,0.0,,0.0,0.0,0.0,0.0,0.0,0.0,0.0,0.0,0.0,cazalma01
90,Julian Champagnie,SF,22,SAS,52,37,16.8,1.9,4.8,.398,1.2,3.4,.360,0.7,1.4,.493,.526,0.8,0.9,.796,0.6,2.0,2.6,1.2,0.6,0.6,0.6,1.1,5.8,champju02
91,Justin Champagnie,SF,22,WAS,2,0,5.0,2.5,3.5,.714,0.5,1.5,.333,2.0,2.0,1.000,.786,0.0,0.0,,0.0,0.0,0.0,0.0,0.5,0.0,0.5,0.0,5.5,champju01
92,Max Christie,SG,20,LAL,46,7,17.1,1.8,4.3,.423,0.7,2.1,.351,1.1,2.2,.495,.510,0.7,0.9,.780,0.3,2.3,2.6,1.1,0.4,0.3,0.7,1.2,5.0,chrisma02
93,Sidy Cissoko,SF,19,SAS,5,0,6.4,0.2,1.2,.167,0.0,0.8,.000,0.2,0.4,.500,.167,0.8,0.8,1.000,0.0,1.2,1.2,0.0,0.6,0.0,0.2,0.4,1.2,cissosi01
94,Jordan Clarkson,SG,31,UTA,49,19,30.2,6.1,14.7,.413,1.7,5.6,.297,4.4,9.1,.484,.469,3.3,3.7,.880,0.9,2.4,3.4,5.0,0.6,0.1,2.7,1.4,17.1,clarkjo01
95,Nic Claxton,C,24,BRK,48,48,29.3,5.3,8.4,.626,0.0,0.1,.250,5.3,8.3,.630,.627,1.4,2.5,.568,2.8,7.1,9.9,1.9,0.6,2.2,1.2,2.5,12.0,claxtni01
96,Noah Clowney,PF,19,BRK,7,0,9.9,1.6,2.6,.611,0.1,0.6,.250,1.4,2.0,.714,.639,0.9,0.9,1.000,0.9,1.0,1.9,0.9,0.0,0.1,0.4,0.7,4.1,clownno01
97,Amir Coffey,SF,26,LAC,44,8,18.4,2.2,4.0,.534,0.8,2.0,.425,1.3,2.1,.637,.638,1.0,1.1,.894,0.4,1.3,1.7,0.8,0.5,0.1,0.4,1.3,6.1,coffeam01
98,John Collins,PF,26,UTA,55,53,27.8,5.6,10.8,.518,1.2,3.5,.337,4.4,7.3,.603,.572,1.9,2.3,.791,2.3,6.1,8.4,1.2,0.6,0.9,1.5,2.8,14.2,collijo01
99,Zach Collins,C,26,SAS,47,24,23.6,4.4,9.2,.475,0.9,3.0,.289,3.5,6.2,.566,.522,1.7,2.3,.750,1.7,3.7,5.4,3.0,0.5,0.7,2.0,3.1,11.3,colliza01
100,Mike Conley,PG,36,MIN,53,53,28.7,3.6,8.1,.450,2.3,5.2,.449,1.3,2.8,.450,.595,1.1,1.2,.923,0.4,2.4,2.8,6.2,1.0,0.2,1.1,1.6,10.7,conlemi01
101,Pat Connaughton,SF,31,MIL,53,2,21.4,1.9,4.2,.464,1.1,2.9,.383,0.8,1.3,.647,.597,0.4,0.5,.690,0.7,2.7,3.3,2.0,0.5,0.2,0.6,1.2,5.4,connapa01
102,Bilal Coulibaly,SF,19,WAS,56,8,26.7,2.9,6.7,.442,1.0,2.8,.357,2.0,3.9,.502,.516,1.3,2.0,.682,0.9,3.1,4.0,1.7,0.9,0.8,1.4,2.1,8.2,coulibi01
103,Ricky Council IV,SG,22,PHI,18,0,9.7,2.0,3.9,.507,0.2,0.9,.250,1.8,3.1,.582,.535,2.2,2.9,.769,0.7,1.4,2.1,0.4,0.1,0.0,0.2,0.4,6.4,councri01
104,Robert Covington,SF-PF,33,TOT,29,6,16.8,1.5,3.4,.439,0.7,1.9,.339,0.8,1.4,.571,.536,0.8,0.9,.846,1.1,2.3,3.3,0.8,1.3,0.6,0.4,1.9,4.4,covinro01
104,Robert Covington,PF,33,LAC,3,3,23.0,1.0,3.0,.333,0.7,2.7,.250,0.3,0.3,1.000,.444,0.3,0.7,.500,0.7,2.0,2.7,2.3,2.0,0.7,0.0,2.3,3.0,covinro01
104,Robert Covington,SF,33,PHI,26,3,16.1,1.5,3.4,.449,0.7,1.8,.354,0.9,1.6,.561,.545,0.8,0.9,.875,1.1,2.3,3.4,0.7,1.3,0.6,0.4,1.9,4.5,covinro01
105,Torrey Craig,SF,33,CHI,33,8,21.0,2.2,5.1,.425,1.1,3.0,.374,1.0,2.1,.500,.536,0.6,0.8,.778,1.7,3.1,4.7,1.1,0.6,0.5,0.6,2.3,6.1,craigto01
106,Jae Crowder,PF,33,MIL,28,12,25.0,2.4,5.5,.432,1.3,3.6,.356,1.1,1.9,.574,.548,0.6,0.9,.667,0.5,3.2,3.7,1.6,0.8,0.2,0.5,1.6,6.6,crowdja01
107,Jalen Crutcher,PG,24,NOP,1,0,3.0,0.0,1.0,.000,0.0,0.0,,0.0,1.0,.000,.000,0.0,0.0,,0.0,0.0,0.0,0.0,0.0,0.0,0.0,0.0,0.0,crutcja01
108,Cade Cunningham,PG,22,DET,48,48,33.9,8.4,18.4,.458,1.9,5.3,.361,6.5,13.1,.497,.510,3.8,4.4,.853,0.5,3.7,4.2,7.4,0.9,0.4,3.6,2.7,22.5,cunnica01
109,Seth Curry,SG,33,TOT,42,3,13.7,1.7,4.5,.386,0.8,2.4,.343,0.9,2.1,.437,.479,0.6,0.7,.900,0.4,1.1,1.5,1.0,0.5,0.1,0.5,0.8,5.0,curryse01
109,Seth Curry,SG,33,DAL,36,3,12.7,1.5,4.0,.372,0.8,2.2,.363,0.7,1.8,.385,.472,0.5,0.5,.895,0.4,1.0,1.4,0.8,0.5,0.1,0.4,0.9,4.3,curryse01
109,Seth Curry,SG,33,CHO,6,0,19.8,3.2,7.3,.432,1.0,3.7,.273,2.2,3.7,.591,.500,1.7,1.8,.909,0.3,1.7,2.0,1.8,0.5,0.5,0.5,0.5,9.0,curryse01
110,Stephen Curry,PG,35,GSW,54,54,33.3,9.0,19.8,.455,4.9,12.0,.410,4.1,7.7,.526,.580,4.6,5.0,.922,0.4,3.8,4.2,5.1,0.8,0.4,3.0,1.8,27.5,curryst01
111,Dyson Daniels,PG,20,NOP,52,15,21.9,2.2,4.9,.438,0.6,2.1,.291,1.5,2.8,.548,.500,0.6,1.0,.640,1.0,2.7,3.7,2.6,1.4,0.4,1.0,1.6,5.5,daniedy01
112,Anthony Davis,C,30,LAL,55,55,35.7,9.5,17.1,.557,0.3,1.3,.271,9.2,15.9,.580,.567,5.5,6.8,.810,3.1,9.2,12.3,3.7,1.1,2.4,2.1,2.4,24.9,davisan02
113,Johnny Davis,SG,21,WAS,27,0,9.0,1.0,2.7,.365,0.1,0.4,.167,0.9,2.3,.403,.378,0.1,0.3,.444,0.4,0.9,1.3,0.3,0.3,0.1,0.3,0.9,2.2,davisjo06
114,JD Davison,SG,21,BOS,2,0,3.0,0.0,0.5,.000,0.0,0.5,.000,0.0,0.0,,.000,1.0,1.0,1.000,0.5,0.5,1.0,0.0,0.0,0.0,0.0,0.0,1.0,davisjd01
115,Dexter Dennis,SG,24,DAL,4,0,7.5,2.5,4.8,.526,0.3,2.0,.125,2.3,2.8,.818,.553,0.3,0.8,.333,0.3,2.0,2.3,1.0,0.0,0.3,0.8,0.3,5.5,dennide01
116,DeMar DeRozan,SF,34,CHI,56,56,37.7,7.8,16.5,.472,0.9,2.8,.333,6.9,13.8,.500,.500,6.1,7.2,.856,0.6,3.5,4.1,5.3,1.1,0.6,1.5,2.2,22.7,derozde01
117,Moussa Diabaté,C,22,LAC,10,0,5.8,0.9,1.8,.500,0.0,0.0,,0.9,1.8,.500,.500,0.9,1.2,.750,1.4,0.6,2.0,0.4,0.4,0.0,0.2,0.4,2.7,diabamo01
118,Mamadi Diakite,PF,27,SAS,3,0,5.3,1.3,1.7,.800,0.0,0.0,,1.3,1.7,.800,.800,1.3,2.0,.667,0.3,0.7,1.0,0.7,0.0,0.3,0.0,0.3,4.0,diakima01
119,Hamidou Diallo,SG,25,WAS,2,0,2.5,0.5,1.0,.500,0.0,0.0,,0.5,1.0,.500,.500,0.0,0.0,,1.0,0.0,1.0,0.5,1.0,0.0,0.5,0.5,1.0,diallha01
120,Gradey Dick,SG,20,TOR,37,1,15.7,2.2,5.1,.439,1.1,3.0,.382,1.1,2.1,.519,.551,0.6,0.7,.920,0.5,1.4,1.8,1.1,0.5,0.0,0.6,1.3,6.2,dickgr01
121,Ousmane Dieng,PF,20,OKC,29,0,11.2,1.5,3.5,.426,0.7,2.2,.313,0.8,1.3,.622,.525,0.5,0.6,.875,0.3,1.3,1.7,1.1,0.2,0.1,0.6,0.7,4.1,diengou01
122,Spencer Dinwiddie,PG,30,TOT,53,48,30.2,3.8,10.0,.386,1.8,5.6,.315,2.1,4.4,.476,.474,2.4,3.1,.784,0.5,2.5,3.0,5.8,0.8,0.2,1.3,1.8,11.8,dinwisp01
122,Spencer Dinwiddie,PG,30,BRK,48,48,30.7,4.1,10.4,.391,1.9,5.8,.320,2.2,4.6,.480,.480,2.6,3.3,.781,0.5,2.8,3.3,6.0,0.8,0.2,1.3,1.8,12.6,dinwisp01
122,Spencer Dinwiddie,PG,30,LAL,5,0,25.0,1.8,5.8,.310,0.8,3.4,.235,1.0,2.4,.417,.379,0.4,0.4,1.000,0.0,0.6,0.6,3.4,0.8,0.2,1.0,2.4,4.8,dinwisp01
123,Donte DiVincenzo,SG,27,NYK,58,40,25.6,4.9,10.9,.455,3.2,7.6,.416,1.8,3.3,.545,.601,0.9,1.2,.729,0.7,2.6,3.3,2.4,1.2,0.4,1.2,2.0,13.9,divindo01
124,Luka Dončić,PG,24,DAL,50,50,37.5,11.7,23.6,.494,3.9,10.3,.384,7.7,13.3,.580,.578,7.2,9.3,.782,0.7,8.1,8.8,9.6,1.5,0.6,3.9,2.0,34.5,doncilu01
125,Luguentz Dort,SF,24,OKC,56,56,28.4,3.6,8.2,.440,1.9,4.9,.401,1.7,3.4,.497,.559,1.5,1.9,.817,1.1,2.7,3.8,1.3,0.9,0.7,0.9,3.0,10.7,dortlu01
126,Ayo Dosunmu,SG,24,CHI,56,17,26.2,4.1,8.2,.497,1.4,3.4,.406,2.7,4.7,.562,.582,0.9,1.1,.774,0.7,2.0,2.7,2.6,0.9,0.4,1.1,2.1,10.4,dosunay01
127,Andre Drummond,C,30,CHI,58,9,16.9,3.4,6.1,.556,0.0,0.1,.000,3.4,6.1,.561,.556,1.5,2.6,.575,3.4,5.3,8.7,0.5,1.0,0.6,1.1,1.7,8.3,drumman01
128,Chris Duarte,SF,26,SAC,40,11,13.1,1.3,3.4,.365,0.7,2.0,.329,0.6,1.5,.414,.460,0.5,0.7,.778,0.4,1.4,1.8,0.9,0.5,0.1,0.5,1.6,3.7,duartch01
129,Kris Dunn,PG,29,UTA,51,27,18.1,2.2,4.6,.481,0.6,1.6,.402,1.6,3.0,.523,.551,0.3,0.5,.680,0.7,2.1,2.9,4.0,1.1,0.4,1.3,1.9,5.5,dunnkr01
130,Kevin Durant,PF,35,PHO,51,51,37.1,10.1,19.1,.530,2.2,5.2,.423,7.9,13.9,.570,.588,5.5,6.3,.864,0.5,6.1,6.7,5.6,0.9,1.3,3.2,1.9,28.0,duranke01
131,Jalen Duren,C,20,DET,43,42,30.2,6.0,9.7,.627,0.0,0.1,.000,6.0,9.6,.631,.627,1.9,2.5,.750,3.3,8.7,12.0,2.6,0.5,0.9,2.0,3.3,14.0,durenja01
132,Tari Eason,PF,22,HOU,22,0,21.8,4.0,8.6,.466,0.8,2.3,.360,3.2,6.3,.504,.513,1.0,1.5,.636,2.1,4.9,7.0,1.2,1.4,0.9,0.9,2.3,9.8,easonta01
133,Anthony Edwards,SG,22,MIN,55,55,35.0,9.2,19.7,.468,2.6,6.8,.384,6.6,12.9,.511,.534,5.4,6.5,.835,0.6,4.8,5.3,5.2,1.3,0.5,3.2,1.9,26.5,edwaran01
134,Kessler Edwards,SF,23,SAC,38,0,4.7,0.6,1.3,.412,0.3,0.9,.364,0.2,0.5,.500,.529,0.1,0.1,.750,0.1,0.6,0.7,0.2,0.1,0.1,0.0,0.4,1.5,edwarke02
135,Keon Ellis,SG,24,SAC,33,3,11.5,1.2,2.7,.422,0.8,2.2,.370,0.3,0.5,.647,.572,0.3,0.5,.647,0.3,1.0,1.2,1.2,0.4,0.4,0.5,1.4,3.5,elliske01
136,Joel Embiid,C,29,PHI,34,34,34.0,11.8,22.2,.533,1.2,3.3,.366,10.6,18.9,.562,.560,10.5,11.9,.883,2.6,8.7,11.3,5.7,1.1,1.8,3.7,2.9,35.3,embiijo01
137,Drew Eubanks,C,26,PHO,52,4,15.9,2.2,3.6,.624,0.1,0.1,1.000,2.2,3.5,.617,.632,1.0,1.4,.736,1.3,2.9,4.2,0.9,0.4,0.9,0.9,1.6,5.5,eubandr01
138,Tosan Evbuomwan,SF,22,TOT,6,0,15.0,1.2,3.0,.389,0.5,1.5,.333,0.7,1.5,.444,.472,0.0,0.0,,1.3,1.3,2.7,1.0,0.2,0.2,0.2,1.0,2.8,evbuoto01
138,Tosan Evbuomwan,SF,22,MEM,4,0,18.5,1.0,3.8,.267,0.5,2.0,.250,0.5,1.8,.286,.333,0.0,0.0,,2.0,1.5,3.5,1.5,0.0,0.3,0.3,1.3,2.5,evbuoto01
138,Tosan Evbuomwan,SF,22,DET,2,0,8.0,1.5,1.5,1.000,0.5,0.5,1.000,1.0,1.0,1.000,1.167,0.0,0.0,,0.0,1.0,1.0,0.0,0.5,0.0,0.0,0.5,3.5,evbuoto01
139,Dante Exum,PG,28,DAL,32,14,19.7,3.6,6.3,.571,1.0,2.0,.477,2.7,4.3,.616,.648,1.0,1.4,.727,0.6,2.2,2.8,2.8,0.6,0.2,0.8,1.6,9.2,exumda01
140,Bruno Fernando,C,25,ATL,21,1,10.0,1.8,3.2,.559,0.0,0.1,.000,1.8,3.1,.585,.559,1.1,1.8,.605,1.1,2.0,3.0,0.6,0.3,0.5,0.5,1.4,4.7,fernabr01
141,Dorian Finney-Smith,PF,30,BRK,49,38,27.7,3.2,7.6,.414,1.9,5.1,.373,1.3,2.6,.496,.539,0.4,0.6,.679,1.7,3.1,4.7,1.4,0.7,0.6,0.8,2.4,8.6,finnedo01
142,Adam Flagler,SG,24,OKC,1,0,6.0,0.0,3.0,.000,0.0,3.0,.000,0.0,0.0,,.000,0.0,0.0,,0.0,0.0,0.0,1.0,0.0,0.0,0.0,0.0,0.0,flaglad01
143,Malachi Flynn,PG,25,TOT,51,0,11.7,1.5,3.7,.402,0.7,2.0,.346,0.8,1.7,.471,.497,0.5,0.7,.757,0.3,1.3,1.6,1.7,0.4,0.1,0.8,1.0,4.2,flynnma01
143,Malachi Flynn,PG,25,TOR,31,0,15.3,1.8,4.4,.409,0.9,2.6,.350,0.9,1.8,.491,.511,0.5,0.7,.773,0.4,1.7,2.1,2.4,0.6,0.2,1.1,1.4,5.1,flynnma01
143,Malachi Flynn,PG,25,NYK,14,0,4.3,0.6,1.6,.391,0.3,0.9,.308,0.4,0.7,.500,.478,0.6,0.8,.818,0.0,0.4,0.4,0.4,0.1,0.0,0.2,0.2,2.2,flynnma01
143,Malachi Flynn,PG,25,DET,6,0,10.2,1.8,4.8,.379,0.7,1.8,.364,1.2,3.0,.389,.448,0.3,0.7,.500,0.0,1.5,1.5,1.5,0.5,0.0,0.8,0.7,4.7,flynnma01
144,Simone Fontecchio,SF,28,TOT,57,39,23.8,3.6,7.8,.457,1.9,4.9,.396,1.6,2.9,.560,.581,0.6,0.8,.778,1.0,2.5,3.5,1.5,0.6,0.3,1.0,1.6,9.7,fontesi01
144,Simone Fontecchio,SF,28,UTA,50,34,23.2,3.2,7.2,.450,1.8,4.7,.391,1.4,2.5,.560,.577,0.6,0.8,.800,1.0,2.5,3.5,1.5,0.6,0.4,1.0,1.6,8.9,fontesi01
144,Simone Fontecchio,SF,28,DET,7,5,28.1,6.0,12.3,.488,2.7,6.4,.422,3.3,5.9,.561,.599,0.4,0.7,.600,0.9,2.6,3.4,1.9,0.7,0.0,0.6,1.3,15.1,fontesi01
145,Jordan Ford,PG,25,SAC,6,0,3.7,0.7,1.2,.571,0.3,0.5,.667,0.3,0.7,.500,.714,0.3,0.3,1.000,0.0,0.3,0.3,0.3,0.0,0.0,0.2,0.0,2.0,fordjo01
146,Trent Forrest,SG,25,ATL,20,0,10.5,0.8,2.4,.319,0.1,0.4,.286,0.7,2.0,.325,.340,0.4,0.5,.800,0.3,1.1,1.3,2.1,0.4,0.1,0.6,0.9,2.0,forretr01
147,Evan Fournier,SG,31,TOT,9,0,16.8,2.6,6.6,.390,1.3,4.2,.316,1.2,2.3,.524,.492,0.8,1.0,.778,0.2,1.9,2.1,0.8,1.1,0.2,1.0,1.4,7.2,fournev01
147,Evan Fournier,SG,31,NYK,3,0,13.0,1.3,6.7,.200,0.7,5.0,.133,0.7,1.7,.400,.250,0.7,0.7,1.000,0.0,1.3,1.3,1.0,1.3,0.0,0.3,1.3,4.0,fournev01
147,Evan Fournier,SG,31,DET,6,0,18.7,3.2,6.5,.487,1.7,3.8,.435,1.5,2.7,.563,.615,0.8,1.2,.714,0.3,2.2,2.5,0.7,1.0,0.3,1.3,1.5,8.8,fournev01
148,De'Aaron Fox,PG,26,SAC,51,51,35.6,9.8,20.7,.471,2.8,7.6,.369,6.9,13.1,.531,.539,4.5,6.4,.709,0.9,3.3,4.2,5.6,1.9,0.4,2.7,2.6,26.9,foxde01
149,Javon Freeman-Liberty,PG,24,TOR,2,0,2.0,0.5,1.5,.333,0.0,0.0,,0.5,1.5,.333,.333,0.0,0.0,,0.5,0.0,0.5,0.0,0.0,0.0,0.0,0.0,1.0,freemja01
150,Alex Fudge,SF,20,LAL,4,0,3.5,0.3,1.5,.167,0.0,0.5,.000,0.3,1.0,.250,.167,0.5,0.5,1.000,0.5,0.0,0.5,0.0,0.0,0.0,0.3,0.3,1.0,fudgeal01
151,Markelle Fultz,PG,25,ORL,23,15,23.5,3.9,8.1,.484,0.0,0.4,.111,3.9,7.7,.503,.487,0.4,0.8,.526,1.4,2.1,3.5,3.4,1.2,0.3,1.3,1.6,8.3,fultzma01
152,Daniel Gafford,C-PF,25,TOT,51,47,25.5,4.5,6.6,.681,0.0,0.0,,4.5,6.6,.681,.681,1.9,2.6,.709,2.9,5.1,8.0,1.5,0.9,2.1,1.0,3.2,10.8,gaffoda01
152,Daniel Gafford,C,25,WAS,45,45,26.5,4.5,6.5,.690,0.0,0.0,,4.5,6.5,.690,.690,1.9,2.6,.706,2.9,5.1,8.0,1.5,1.0,2.2,1.0,3.3,10.9,gaffoda01
152,Daniel Gafford,PF,25,DAL,6,2,18.0,4.2,6.8,.610,0.0,0.0,,4.2,6.8,.610,.610,1.8,2.5,.733,3.0,5.0,8.0,0.8,0.3,1.5,0.8,2.3,10.2,gaffoda01
153,Danilo Gallinari,PF-SF,35,TOT,35,0,14.4,2.0,4.6,.444,0.8,2.2,.346,1.3,2.3,.537,.528,2.1,2.4,.857,0.5,2.2,2.7,1.3,0.3,0.1,0.4,1.1,6.9,gallida01
153,Danilo Gallinari,PF,35,WAS,26,0,14.8,2.2,5.0,.435,0.8,2.5,.313,1.4,2.6,.552,.511,1.8,2.2,.839,0.5,2.5,2.9,1.2,0.2,0.1,0.5,1.0,7.0,gallida01
153,Danilo Gallinari,SF,35,DET,6,0,15.0,2.0,3.7,.545,1.2,2.0,.583,0.8,1.7,.500,.705,3.5,4.0,.875,0.3,2.0,2.3,2.0,0.3,0.3,0.2,1.5,8.7,gallida01
153,Danilo Gallinari,SF,35,MIL,3,0,9.7,0.7,2.3,.286,0.0,0.7,.000,0.7,1.7,.400,.286,1.3,1.3,1.000,0.7,0.3,1.0,1.0,0.3,0.0,0.7,1.0,2.7,gallida01
154,Darius Garland,PG,24,CLE,33,33,32.2,6.5,14.0,.463,1.7,5.2,.335,4.8,8.8,.538,.525,3.2,3.8,.848,0.5,1.8,2.3,6.2,1.4,0.1,3.2,1.3,17.9,garlada01
155,Usman Garuba,PF,21,GSW,3,0,2.7,0.0,0.3,.000,0.0,0.0,,0.0,0.3,.000,.000,0.0,0.0,,0.3,0.0,0.3,0.3,0.3,0.0,0.0,0.7,0.0,garubus01
156,Luka Garza,C,25,MIN,14,0,2.9,0.8,1.8,.440,0.2,0.6,.333,0.6,1.1,.500,.500,0.6,0.9,.667,0.4,0.4,0.8,0.1,0.0,0.0,0.1,0.8,2.4,garzalu01
157,Kaiser Gates,SF,27,NOP,1,0,7.0,0.0,4.0,.000,0.0,2.0,.000,0.0,2.0,.000,.000,0.0,0.0,,0.0,1.0,1.0,0.0,0.0,0.0,0.0,0.0,0.0,gateska01
158,Keyonte George,PG,20,UTA,53,22,25.3,3.8,9.8,.388,1.9,5.5,.347,1.9,4.3,.441,.486,2.2,2.7,.818,0.3,2.5,2.8,4.4,0.5,0.1,2.1,1.2,11.7,georgke01
159,Paul George,PF,33,LAC,52,52,33.8,7.8,17.1,.456,3.3,8.2,.395,4.5,8.9,.512,.551,3.3,3.7,.905,0.5,4.8,5.3,3.7,1.6,0.4,2.0,2.9,22.1,georgpa01
160,Taj Gibson,PF,38,NYK,16,1,10.3,0.4,1.4,.304,0.0,0.4,.000,0.4,1.1,.412,.304,0.1,0.1,1.000,0.6,1.1,1.8,0.6,0.1,0.4,0.3,1.8,1.0,gibsota01
161,Josh Giddey,SG,21,OKC,57,57,24.7,4.6,10.2,.449,0.9,2.9,.327,3.6,7.4,.496,.495,1.2,1.5,.821,1.4,4.8,6.2,4.4,0.7,0.5,2.0,1.3,11.4,giddejo01
162,Harry Giles,C,25,BRK,16,0,5.1,1.4,2.8,.500,0.2,0.7,.273,1.2,2.1,.576,.534,0.4,0.8,.538,0.8,0.9,1.6,0.4,0.1,0.2,0.4,0.9,3.4,gilesha01
163,Shai Gilgeous-Alexander,PG,25,OKC,57,57,34.5,11.0,20.1,.548,1.3,3.4,.389,9.7,16.7,.580,.580,7.9,8.9,.882,0.9,4.7,5.6,6.5,2.1,0.9,2.2,2.5,31.2,gilgesh01
164,Anthony Gill,PF,31,WAS,31,0,5.6,0.7,1.6,.460,0.1,0.4,.231,0.6,1.2,.541,.490,0.5,0.6,.750,0.5,0.8,1.3,0.5,0.2,0.2,0.5,0.4,2.1,gillan01
165,Collin Gillespie,PG,24,DEN,19,0,8.5,1.2,2.4,.511,0.6,1.3,.458,0.6,1.1,.571,.633,0.3,0.4,.625,0.1,0.6,0.6,0.8,0.5,0.0,0.5,0.9,3.3,gilleco01
166,Jacob Gilyard,PG,25,MEM,37,14,17.7,1.6,3.9,.417,1.4,3.2,.425,0.2,0.6,.375,.594,0.1,0.1,1.000,0.2,0.9,1.2,3.5,0.7,0.1,0.8,0.9,4.7,gilyaja01
167,Rudy Gobert,C,31,MIN,56,56,33.6,5.2,8.1,.645,0.0,0.1,.000,5.2,8.0,.649,.645,3.3,5.1,.642,3.7,9.1,12.7,1.3,0.6,2.1,1.5,3.0,13.7,goberru01
168,Jordan Goodwin,PG,25,TOT,42,1,14.5,2.0,5.1,.394,0.6,2.0,.294,1.4,3.0,.461,.453,0.6,0.8,.788,1.0,2.0,3.0,2.0,0.6,0.2,0.7,1.1,5.2,goodwjo01
168,Jordan Goodwin,PG,25,PHO,40,0,14.0,1.9,4.8,.389,0.6,2.0,.288,1.3,2.8,.460,.448,0.6,0.7,.862,1.0,1.9,2.9,2.0,0.6,0.2,0.7,1.1,5.0,goodwjo01
168,Jordan Goodwin,PG,25,MEM,2,1,26.5,4.5,10.0,.450,1.0,2.5,.400,3.5,7.5,.467,.500,0.5,2.0,.250,1.5,3.5,5.0,3.0,1.5,0.5,1.0,1.0,10.5,goodwjo01
169,Aaron Gordon,PF,28,DEN,52,52,31.5,5.5,9.9,.551,0.6,1.9,.296,4.9,8.0,.612,.580,2.3,3.7,.639,2.4,4.1,6.5,3.1,0.8,0.7,1.5,1.9,13.8,gordoaa01
170,Eric Gordon,SG,35,PHO,49,24,29.8,4.6,10.0,.457,2.5,6.3,.389,2.1,3.6,.576,.581,0.9,1.1,.815,0.3,1.8,2.1,2.2,1.0,0.5,1.3,1.3,12.5,gordoer01
171,Devonte' Graham,PG,28,SAS,12,0,8.3,0.9,2.5,.367,0.6,1.8,.318,0.3,0.7,.500,.483,0.5,0.7,.750,0.2,1.2,1.3,1.6,0.3,0.1,0.3,0.3,2.9,grahade01
172,Jerami Grant,PF,29,POR,50,50,34.1,7.3,16.2,.453,2.1,5.2,.404,5.2,11.0,.476,.518,4.9,6.0,.811,0.7,3.0,3.7,2.8,0.8,0.7,2.1,2.2,21.7,grantje01
173,A.J. Green,SG,24,MIL,38,0,9.3,1.5,3.3,.441,1.2,2.9,.423,0.2,0.4,.563,.626,0.2,0.2,1.000,0.2,0.9,1.0,0.6,0.1,0.1,0.1,0.9,4.4,greenaj01
174,Danny Green,SG,36,PHI,2,0,9.0,0.0,1.0,.000,0.0,0.5,.000,0.0,0.5,.000,.000,0.0,0.0,,0.0,1.0,1.0,0.5,0.5,0.0,0.0,0.5,0.0,greenda02
175,Draymond Green,PF,33,GSW,33,30,26.6,3.5,7.0,.502,1.1,2.5,.446,2.4,4.5,.534,.582,1.2,1.5,.760,1.2,5.6,6.8,6.0,0.8,0.9,2.4,3.0,9.3,greendr01
176,Jalen Green,SG,21,HOU,58,58,30.3,6.1,15.0,.406,2.0,6.5,.308,4.1,8.5,.481,.472,3.4,4.3,.802,0.4,4.4,4.8,3.4,0.7,0.3,2.2,1.3,17.6,greenja05
177,Jeff Green,PF,37,HOU,56,5,16.7,2.0,4.2,.477,0.5,1.5,.306,1.5,2.7,.573,.532,1.7,2.1,.829,0.6,1.6,2.2,0.9,0.2,0.4,0.7,1.4,6.2,greenje02
178,Josh Green,SG,23,DAL,45,28,27.4,3.4,7.0,.494,1.5,3.6,.416,2.0,3.4,.575,.600,0.7,1.1,.660,0.6,2.6,3.2,2.5,0.9,0.2,1.1,2.0,9.1,greenjo02
179,AJ Griffin,SF,20,ATL,18,0,7.3,0.7,2.5,.289,0.5,1.8,.273,0.2,0.7,.333,.389,0.1,0.1,1.000,0.1,0.7,0.8,0.2,0.1,0.1,0.3,0.3,2.1,griffaj01
180,Quentin Grimes,SG,23,TOT,48,18,20.3,2.5,6.4,.386,1.7,4.8,.355,0.8,1.7,.475,.518,0.6,0.8,.730,0.3,1.7,2.0,1.3,0.7,0.1,0.5,1.5,7.2,grimequ01
180,Quentin Grimes,SG,23,NYK,45,18,20.2,2.5,6.4,.395,1.7,4.7,.363,0.8,1.6,.486,.530,0.5,0.8,.706,0.3,1.6,2.0,1.2,0.7,0.1,0.5,1.5,7.3,grimequ01
180,Quentin Grimes,SG,23,DET,3,0,21.7,2.0,7.3,.273,1.3,5.3,.250,0.7,2.0,.333,.364,1.0,1.0,1.000,0.0,2.7,2.7,2.7,1.0,1.3,1.3,1.3,6.3,grimequ01
181,Mouhamadou Gueye,PF,25,TOR,1,0,6.0,1.0,3.0,.333,0.0,0.0,,1.0,3.0,.333,.333,0.0,0.0,,2.0,1.0,3.0,0.0,0.0,2.0,0.0,1.0,2.0,gueyemo01
182,Mouhamed Gueye,PF,21,ATL,2,0,2.0,0.0,0.5,.000,0.0,0.5,.000,0.0,0.0,,.000,0.0,0.0,,0.0,0.0,0.0,0.0,0.5,0.0,0.0,0.5,0.0,gueyemo02
183,Rui Hachimura,PF,25,LAL,45,16,24.6,4.6,8.9,.516,1.3,3.1,.414,3.3,5.8,.571,.589,1.5,2.1,.726,0.8,3.0,3.8,1.0,0.7,0.3,0.7,1.4,12.0,hachiru01
184,Ashton Hagans,PG,24,POR,7,1,12.0,1.1,2.7,.421,0.0,0.6,.000,1.1,2.1,.533,.421,0.3,0.6,.500,0.6,1.0,1.6,1.3,0.1,0.3,0.7,1.7,2.6,haganas01
185,Tyrese Haliburton,PG,23,IND,46,45,32.0,7.7,15.8,.490,3.1,7.8,.393,4.6,7.9,.585,.588,3.0,3.5,.847,0.6,3.2,3.8,11.6,1.1,0.7,2.4,1.0,21.5,halibty01
186,R.J. Hampton,PG,22,MIA,8,2,9.5,0.5,1.8,.286,0.1,1.0,.125,0.4,0.8,.500,.321,0.1,0.3,.500,0.3,0.5,0.8,1.0,0.0,0.0,0.4,1.0,1.3,hamptrj01
187,Tim Hardaway Jr.,SF,31,DAL,55,10,29.6,5.8,14.0,.412,3.1,8.5,.361,2.7,5.6,.490,.521,2.2,2.5,.871,0.3,3.3,3.6,1.7,0.5,0.1,1.0,1.5,16.8,hardati02
188,James Harden,PG,34,LAC,51,51,34.6,5.0,11.4,.444,2.8,6.7,.414,2.3,4.6,.487,.566,4.5,5.1,.880,0.5,4.7,5.2,8.3,1.1,0.9,2.6,2.0,17.3,hardeja01
189,Jaden Hardy,SG,21,DAL,53,6,15.0,2.9,7.2,.407,1.3,3.6,.366,1.6,3.6,.448,.499,0.7,1.0,.717,0.3,1.6,1.9,1.6,0.3,0.1,0.7,1.1,7.9,hardyja02
190,Ron Harper Jr.,PF,23,TOR,1,0,4.0,0.0,0.0,,0.0,0.0,,0.0,0.0,,,0.0,0.0,,0.0,0.0,0.0,1.0,0.0,0.0,0.0,2.0,0.0,harpero02
191,Gary Harris,SG,29,ORL,36,9,22.8,2.4,5.5,.442,1.4,3.8,.363,1.1,1.8,.609,.565,0.8,1.0,.771,0.5,1.1,1.6,1.8,0.9,0.3,0.5,1.8,7.0,harriga01
192,Joe Harris,SG,32,DET,16,0,10.6,0.9,2.4,.359,0.6,1.9,.333,0.3,0.6,.444,.487,0.1,0.1,.500,0.2,0.6,0.8,0.6,0.2,0.1,0.3,1.2,2.4,harrijo01
193,Kevon Harris,SG,26,ORL,2,0,3.0,1.0,1.5,.667,0.0,0.0,,1.0,1.5,.667,.667,0.0,0.0,,0.0,1.0,1.0,0.5,0.0,0.0,0.5,1.5,2.0,harrike01
194,Tobias Harris,PF,31,PHI,52,52,33.7,6.6,13.3,.493,1.2,3.4,.339,5.4,9.9,.546,.536,2.9,3.3,.899,1.1,4.9,6.0,3.2,1.0,0.6,1.4,1.7,17.2,harrito02
195,Shaquille Harrison,SG,30,MEM,3,0,2.0,0.3,0.7,.500,0.0,0.0,,0.3,0.7,.500,.500,0.0,0.0,,0.0,0.7,0.7,0.0,0.0,0.3,0.0,0.0,0.7,harrish01
196,Josh Hart,SF,28,NYK,58,19,30.7,3.3,7.6,.432,1.0,3.1,.318,2.3,4.5,.510,.497,1.0,1.3,.770,1.3,5.9,7.2,3.3,0.8,0.3,1.3,1.9,8.5,hartjo01
197,Isaiah Hartenstein,C,25,NYK,53,27,25.3,2.8,4.5,.616,0.0,0.1,.333,2.7,4.4,.620,.618,1.4,2.0,.724,3.4,5.1,8.5,2.1,1.1,1.1,1.2,2.8,7.0,harteis01
198,Sam Hauser,SF,26,BOS,57,6,21.2,2.8,6.1,.451,2.2,5.3,.420,0.5,0.8,.646,.632,0.3,0.3,.882,0.6,2.7,3.3,0.9,0.4,0.3,0.5,1.3,8.0,hausesa01
199,Jordan Hawkins,SG,21,NOP,52,10,20.0,3.1,8.0,.389,1.9,5.3,.370,1.2,2.7,.426,.511,1.2,1.4,.853,0.5,2.1,2.7,1.2,0.3,0.1,0.7,1.3,9.4,hawkijo01
200,Jaxson Hayes,C,23,LAL,48,3,11.2,1.6,2.3,.691,0.0,0.1,.000,1.6,2.1,.738,.691,0.6,1.0,.596,0.8,1.6,2.4,0.5,0.5,0.4,0.5,1.7,3.8,hayesja02
201,Killian Hayes,PG,22,DET,42,31,24.0,2.8,6.7,.413,0.5,1.8,.297,2.3,5.0,.455,.452,0.8,1.2,.660,0.3,2.6,2.8,4.9,0.9,0.5,1.2,1.8,6.9,hayeski01
202,Gordon Hayward,SF,33,TOT,29,25,29.6,5.0,10.8,.459,0.8,2.1,.361,4.2,8.7,.482,.494,2.2,2.9,.774,1.0,3.7,4.7,4.1,1.0,0.4,1.8,1.6,12.9,haywago01
202,Gordon Hayward,SF,33,CHO,25,25,31.9,5.6,11.9,.468,0.9,2.4,.361,4.7,9.4,.496,.505,2.5,3.2,.765,1.0,3.7,4.7,4.6,1.1,0.5,2.0,1.8,14.5,haywago01
202,Gordon Hayward,SF,33,OKC,4,0,14.8,1.3,4.3,.294,0.0,0.0,,1.3,4.3,.294,.294,0.8,0.8,1.000,1.0,3.5,4.5,0.8,0.0,0.0,0.3,0.3,3.3,haywago01
203,Scoot Henderson,PG,19,POR,43,16,27.0,4.4,11.8,.375,1.2,3.9,.310,3.2,7.9,.408,.427,2.8,3.4,.818,0.9,2.1,3.0,4.7,0.6,0.2,3.0,3.0,12.9,hendesc01
204,Taylor Hendricks,PF,20,UTA,20,3,16.6,2.1,5.0,.410,1.0,3.0,.317,1.1,2.0,.550,.505,0.4,0.5,.778,1.1,2.4,3.5,0.5,0.7,0.5,0.8,1.5,5.4,hendrita01
205,Tyler Herro,SG,24,MIA,36,36,33.6,7.9,18.0,.437,3.3,8.1,.399,4.6,9.9,.468,.527,1.8,2.2,.835,0.5,4.8,5.3,4.4,0.8,0.1,2.1,1.4,20.8,herroty01
206,Buddy Hield,SF-SG,31,TOT,60,36,26.9,4.7,10.5,.445,2.8,7.1,.390,1.9,3.3,.563,.578,0.5,0.6,.838,0.6,2.6,3.2,3.1,0.9,0.5,1.3,2.2,12.6,hieldbu01
206,Buddy Hield,SF,31,IND,52,28,25.7,4.4,9.9,.443,2.6,6.9,.384,1.8,3.1,.575,.575,0.5,0.6,.848,0.7,2.6,3.2,2.7,0.8,0.6,1.2,2.0,12.0,hieldbu01
206,Buddy Hield,SG,31,PHI,8,8,34.6,6.3,13.8,.455,3.8,8.9,.423,2.5,4.9,.513,.591,0.4,0.5,.750,0.5,2.9,3.4,5.6,1.0,0.1,2.3,3.4,16.6,hieldbu01
207,Haywood Highsmith,PF,27,MIA,43,24,21.0,2.2,5.0,.437,1.1,3.0,.378,1.1,2.0,.523,.549,0.5,0.6,.808,0.9,2.0,2.9,1.0,1.0,0.5,0.6,2.0,6.0,highsha01
208,Nate Hinton,SG,24,HOU,11,0,5.3,0.9,1.8,.500,0.6,1.0,.636,0.3,0.8,.333,.675,0.4,0.5,.800,0.3,0.8,1.1,0.5,0.2,0.2,0.2,0.9,2.8,hintona01
209,D'Moi Hodge,SG,25,LAL,7,0,5.9,0.7,2.1,.333,0.4,1.7,.250,0.3,0.4,.667,.433,0.1,0.3,.500,0.0,0.0,0.0,0.7,0.1,0.1,0.1,0.6,2.0,hodgedm01
210,Aaron Holiday,PG,27,HOU,55,1,17.4,2.6,5.6,.456,1.2,3.0,.410,1.3,2.6,.510,.566,0.7,0.8,.889,0.3,1.5,1.8,1.8,0.5,0.1,0.8,1.6,7.1,holidaa01
211,Jrue Holiday,PG,33,BOS,53,53,33.3,5.0,10.4,.479,2.0,4.6,.443,2.9,5.8,.508,.577,1.1,1.3,.824,1.3,4.4,5.7,4.8,0.8,0.7,1.9,1.7,13.0,holidjr01
212,Justin Holiday,SG,34,DEN,35,9,14.2,1.4,3.1,.444,0.9,2.2,.395,0.5,0.9,.563,.583,0.1,0.1,.750,0.2,1.0,1.2,1.0,0.6,0.1,0.2,1.3,3.7,holidju01
213,Richaun Holmes,C-PF,30,TOT,28,2,10.4,1.5,2.8,.551,0.0,0.0,,1.5,2.8,.551,.551,0.6,0.9,.615,1.3,2.0,3.3,0.6,0.1,0.4,0.5,1.4,3.6,holmeri01
213,Richaun Holmes,C,30,DAL,23,2,10.3,1.4,2.6,.559,0.0,0.0,,1.4,2.6,.559,.559,0.5,0.9,.571,1.4,2.0,3.4,0.7,0.1,0.4,0.5,1.4,3.4,holmeri01
213,Richaun Holmes,PF,30,WAS,5,0,10.8,2.0,3.8,.526,0.0,0.0,,2.0,3.8,.526,.526,0.8,1.0,.800,0.8,2.0,2.8,0.2,0.2,0.2,0.4,1.2,4.8,holmeri01
214,Chet Holmgren,C,21,OKC,58,58,30.1,6.4,11.9,.542,1.7,4.3,.401,4.7,7.6,.623,.615,2.5,3.2,.777,1.6,6.2,7.8,2.7,0.7,2.7,1.7,2.6,17.1,holmgch01
215,Jalen Hood-Schifino,SG,20,LAL,19,0,5.4,0.5,2.2,.244,0.1,0.7,.154,0.4,1.5,.286,.268,0.6,0.9,.611,0.1,0.5,0.6,0.4,0.2,0.1,0.5,0.7,1.7,hoodsja01
216,Al Horford,C,37,BOS,48,22,27.0,3.0,6.1,.491,1.5,3.8,.404,1.4,2.3,.639,.619,0.4,0.4,.850,1.3,5.4,6.6,2.7,0.5,1.0,0.7,1.5,7.9,horfoal01
217,Talen Horton-Tucker,PG,23,UTA,37,11,19.9,3.7,9.1,.409,1.1,3.4,.325,2.6,5.7,.460,.470,1.8,2.2,.795,0.5,1.9,2.5,3.8,1.0,0.3,1.5,1.9,10.4,hortota01
218,Danuel House Jr.,SF,30,PHI,34,4,15.0,1.4,3.1,.448,0.4,1.5,.300,0.9,1.6,.582,.519,1.0,1.4,.761,0.5,1.2,1.7,0.8,0.4,0.1,0.6,1.3,4.2,houseda01
219,Caleb Houstan,SF,21,ORL,42,9,15.4,1.6,4.0,.401,1.4,3.7,.385,0.2,0.3,.636,.581,0.4,0.5,.773,0.5,1.1,1.7,0.6,0.3,0.0,0.4,1.2,5.0,houstca01
220,Jett Howard,SF,20,ORL,13,0,3.8,0.6,1.7,.364,0.4,1.3,.294,0.2,0.4,.600,.477,0.2,0.3,.500,0.1,0.3,0.4,0.2,0.0,0.1,0.2,0.2,1.8,howarje01
221,Kevin Huerter,SG,25,SAC,55,50,25.3,4.2,9.2,.455,2.1,5.7,.373,2.1,3.5,.585,.569,0.7,0.8,.800,0.6,3.1,3.7,2.6,0.7,0.4,0.8,2.1,11.1,huertke01
222,Jay Huff,C,25,DEN,11,0,2.7,0.5,0.9,.500,0.2,0.6,.286,0.3,0.3,1.000,.600,0.2,0.2,1.000,0.1,0.5,0.6,0.1,0.1,0.0,0.1,0.6,1.3,huffja01
223,De'Andre Hunter,SF,26,ATL,34,24,28.3,5.1,10.6,.478,1.9,4.6,.418,3.1,6.0,.525,.569,3.2,3.6,.894,0.6,3.4,4.0,1.3,0.8,0.4,1.4,2.8,15.4,huntede01
224,Matthew Hurt,PF,23,MEM,4,0,15.3,1.5,4.5,.333,0.5,2.5,.200,1.0,2.0,.500,.389,0.8,0.8,1.000,1.3,0.8,2.0,0.8,0.0,0.3,0.0,0.8,4.3,hurtma01
225,Bones Hyland,PG,23,LAC,19,2,13.2,2.3,6.3,.367,1.1,3.4,.313,1.3,2.9,.429,.450,0.5,0.6,.833,0.2,0.7,0.9,1.7,0.5,0.1,1.2,1.4,6.2,hylanbo01
226,Joe Ingles,SF,36,ORL,45,0,17.4,1.6,3.8,.415,1.1,2.6,.415,0.5,1.2,.415,.558,0.4,0.5,.857,0.4,1.9,2.3,3.0,0.7,0.1,0.9,1.5,4.6,inglejo01
227,Brandon Ingram,SF,26,NOP,53,53,33.5,8.0,16.4,.490,1.5,4.0,.363,6.6,12.4,.530,.534,4.0,5.0,.795,0.7,4.3,5.0,5.8,0.8,0.6,2.7,2.3,21.5,ingrabr01
228,Kyrie Irving,SG,31,DAL,36,36,34.1,9.8,19.8,.493,3.0,7.1,.427,6.7,12.7,.530,.570,3.3,3.7,.886,0.8,4.5,5.2,5.3,1.3,0.5,1.6,1.9,25.8,irvinky01
229,Jonathan Isaac,PF,26,ORL,40,1,14.8,2.3,4.8,.479,0.5,1.7,.299,1.8,3.1,.577,.532,1.1,1.6,.710,1.3,3.0,4.2,0.5,0.7,1.2,0.5,1.1,6.2,isaacjo01
230,Jaden Ivey,SG,21,DET,54,38,27.9,5.3,11.8,.447,1.5,4.3,.358,3.7,7.5,.499,.513,3.0,4.0,.739,1.2,2.3,3.6,3.7,0.7,0.6,2.4,2.8,15.1,iveyja01
231,Andre Jackson Jr.,SG,22,MIL,46,8,10.8,1.0,1.9,.529,0.3,0.9,.375,0.7,1.0,.660,.615,0.2,0.2,.727,0.8,1.2,2.0,0.9,0.3,0.1,0.5,1.8,2.5,jacksan01
232,GG Jackson II,PF,19,MEM,25,1,19.8,3.8,8.9,.432,1.7,4.5,.381,2.1,4.4,.486,.529,1.7,2.5,.677,1.0,2.6,3.5,0.8,0.5,0.6,0.9,1.2,11.1,jacksgg01
233,Isaiah Jackson,C,22,IND,45,3,13.6,2.8,4.2,.661,0.0,0.1,.000,2.8,4.1,.676,.661,1.3,1.9,.714,1.4,2.6,4.0,0.9,0.6,1.1,0.7,2.6,6.9,jacksis01
234,Jaren Jackson Jr.,C,24,MEM,53,53,31.8,7.7,17.2,.445,1.8,5.6,.326,5.8,11.6,.503,.498,5.1,6.2,.818,1.2,4.2,5.4,2.2,1.1,1.5,2.4,3.5,22.2,jacksja02
235,Justin Jackson,SF,28,MIN,2,0,0.5,0.0,0.0,,0.0,0.0,,0.0,0.0,,,0.0,0.0,,0.0,0.0,0.0,0.0,0.0,0.0,0.0,0.0,0.0,jacksju01
236,Reggie Jackson,PG,33,DEN,58,16,23.0,4.3,9.4,.453,1.3,3.5,.361,3.0,5.9,.507,.520,0.9,1.2,.776,0.4,1.6,2.0,3.9,0.6,0.2,1.3,1.8,10.7,jacksre01
237,Trayce Jackson-Davis,PF,23,GSW,44,3,12.8,2.8,4.0,.688,0.0,0.0,,2.8,4.0,.688,.688,1.0,1.8,.584,1.7,2.3,4.0,0.9,0.3,0.8,0.6,1.6,6.5,jackstr02
238,LeBron James,PF,39,LAL,51,51,34.9,9.4,18.0,.524,2.1,5.3,.401,7.3,12.7,.576,.583,4.0,5.4,.736,0.9,6.3,7.2,7.9,1.3,0.6,3.2,1.2,25.0,jamesle01
239,Jaime Jaquez Jr.,SF,22,MIA,52,17,29.6,5.0,10.1,.494,0.9,2.8,.320,4.1,7.3,.562,.539,2.0,2.4,.819,1.3,2.7,3.9,2.6,1.1,0.2,1.7,2.3,12.9,jaqueja01
240,DaQuan Jeffries,SG,26,NYK,13,0,2.6,0.4,1.1,.357,0.1,0.5,.143,0.3,0.5,.571,.393,0.0,0.2,.000,0.0,0.4,0.4,0.2,0.0,0.0,0.1,0.2,0.8,jeffrda01
241,Trey Jemison,C,24,TOT,9,3,15.7,1.9,4.0,.472,0.0,0.0,,1.9,4.0,.472,.472,0.7,0.8,.857,1.7,1.8,3.4,0.8,0.4,1.1,1.0,2.6,4.4,jemistr01
241,Trey Jemison,C,24,WAS,2,0,0.5,0.0,0.0,,0.0,0.0,,0.0,0.0,,,0.0,0.0,,0.0,0.5,0.5,0.0,0.0,0.0,0.5,0.0,0.0,jemistr01
241,Trey Jemison,C,24,MEM,7,3,20.0,2.4,5.1,.472,0.0,0.0,,2.4,5.1,.472,.472,0.9,1.0,.857,2.1,2.1,4.3,1.0,0.6,1.4,1.1,3.3,5.7,jemistr01
242,Ty Jerome,SG,26,CLE,2,0,7.5,1.0,2.0,.500,0.0,0.5,.000,1.0,1.5,.667,.500,0.0,0.0,,0.5,0.0,0.5,1.5,0.0,0.0,0.5,1.0,2.0,jeromty01
243,Isaiah Joe,SG,24,OKC,54,0,18.5,2.9,6.1,.470,1.9,4.5,.426,1.0,1.7,.589,.625,0.6,0.7,.846,0.4,1.9,2.3,1.2,0.6,0.3,0.6,1.2,8.3,joeis01
244,Cameron Johnson,PF,27,BRK,45,41,27.8,4.9,10.9,.447,2.3,6.1,.385,2.5,4.8,.525,.554,1.2,1.6,.753,1.0,3.5,4.5,2.5,0.8,0.3,0.9,1.9,13.3,johnsca02
245,Jalen Johnson,SF,22,ATL,44,41,34.2,6.4,12.2,.524,1.2,3.4,.349,5.2,8.8,.592,.573,1.9,2.6,.730,1.3,7.5,8.8,3.5,1.2,0.9,1.8,2.6,15.9,johnsja05
246,James Johnson,PF,36,IND,5,0,4.8,0.4,1.0,.400,0.0,0.2,.000,0.4,0.8,.500,.400,0.0,0.0,,0.2,0.6,0.8,1.0,0.8,0.0,0.4,0.8,0.8,johnsja01
247,Keldon Johnson,SF,24,SAS,55,26,29.5,5.8,12.8,.450,1.7,5.1,.337,4.1,7.7,.526,.518,2.6,3.3,.779,1.4,4.1,5.5,3.0,0.8,0.3,1.5,2.3,15.9,johnske04
248,Keon Johnson,SG,21,BRK,4,0,12.8,1.8,4.8,.368,1.0,2.3,.444,0.8,2.5,.300,.474,2.5,2.5,1.000,0.8,0.5,1.3,0.8,0.8,0.3,1.0,1.0,7.0,johnske07
249,Keyontae Johnson,SF,23,OKC,9,0,7.3,0.6,1.8,.313,0.1,0.3,.333,0.4,1.4,.308,.344,0.0,0.0,,0.4,0.7,1.1,0.4,0.1,0.0,0.4,0.6,1.2,johnske08
250,Nikola Jokić,C,28,DEN,56,56,33.9,10.3,17.6,.583,1.1,3.0,.351,9.2,14.6,.630,.613,4.5,5.6,.814,2.9,9.3,12.3,9.3,1.2,0.9,2.9,2.6,26.1,jokicni01
251,Colby Jones,SG,21,SAC,17,0,7.1,1.0,2.7,.370,0.1,0.8,.077,0.9,1.9,.485,.380,0.1,0.3,.400,0.6,0.9,1.5,0.6,0.2,0.1,0.3,0.9,2.2,jonesco02
252,Damian Jones,C,28,CLE,25,0,6.0,0.7,1.3,.531,0.1,0.3,.286,0.6,1.0,.600,.563,0.4,0.4,.909,0.4,1.0,1.3,0.5,0.1,0.4,0.4,0.6,1.8,jonesda03
253,Derrick Jones Jr.,SF,26,DAL,53,47,24.6,3.3,6.9,.484,1.2,3.4,.341,2.2,3.5,.625,.568,1.3,1.8,.734,1.1,2.4,3.5,1.0,0.8,0.7,0.9,1.7,9.2,jonesde02
254,Herbert Jones,SF,25,NOP,54,54,29.3,4.1,7.9,.510,1.5,3.6,.430,2.5,4.4,.576,.607,1.8,2.1,.856,1.1,2.6,3.7,2.5,1.3,0.8,1.2,2.9,11.4,joneshe01
255,Tre Jones,PG,24,SAS,54,25,26.2,3.8,7.5,.509,0.7,2.3,.309,3.1,5.3,.595,.555,1.4,1.6,.869,0.7,2.6,3.3,5.9,1.0,0.1,1.5,1.2,9.7,jonestr01
256,Tyus Jones,PG,27,WAS,58,58,29.2,5.1,10.3,.497,1.6,3.8,.427,3.5,6.5,.538,.575,0.5,0.6,.784,0.3,2.5,2.8,7.2,1.1,0.3,0.9,0.8,12.3,jonesty01
257,DeAndre Jordan,C,35,DEN,29,1,11.3,1.7,2.6,.632,0.0,0.0,,1.7,2.6,.632,.632,0.8,1.7,.449,1.7,2.9,4.6,0.7,0.2,0.4,0.7,1.7,4.1,jordade01
258,Cory Joseph,PG,32,GSW,26,0,11.4,0.9,2.5,.359,0.5,1.6,.310,0.4,0.8,.455,.461,0.2,0.3,.571,0.2,0.9,1.2,1.6,0.2,0.1,0.5,1.0,2.4,josepco01
259,Nikola Jović,PF,20,MIA,24,16,16.7,2.1,4.8,.435,1.2,2.5,.467,0.9,2.3,.400,.557,0.6,1.1,.538,0.7,3.3,4.0,1.8,0.3,0.3,0.9,1.8,5.9,jovicni01
260,Johnny Juzang,SG,22,UTA,3,0,3.0,0.0,1.3,.000,0.0,1.3,.000,0.0,0.0,,.000,0.0,0.0,,0.0,0.0,0.0,0.3,0.0,0.0,0.0,0.3,0.0,juzanjo01
261,Luke Kennard,SG,27,MEM,29,13,24.7,3.5,7.8,.445,2.7,6.0,.448,0.8,1.8,.434,.617,1.1,1.2,.861,0.3,2.6,2.9,2.9,0.5,0.0,1.0,1.1,10.7,kennalu01
262,Walker Kessler,C,22,UTA,51,17,23.3,3.7,5.7,.652,0.1,0.4,.211,3.7,5.4,.682,.659,0.9,1.6,.568,2.5,4.9,7.4,0.9,0.5,2.7,1.0,2.1,8.5,kesslwa01
263,Braxton Key,SF,26,DEN,17,0,3.2,0.4,0.9,.375,0.1,0.2,.250,0.3,0.7,.417,.406,0.2,0.4,.667,0.2,0.6,0.8,0.5,0.1,0.1,0.1,0.3,1.0,keybr01
264,Corey Kispert,SF,24,WAS,56,2,22.8,4.4,9.2,.481,2.1,5.7,.369,2.3,3.5,.660,.594,1.4,1.8,.770,0.3,2.2,2.5,1.7,0.4,0.2,1.1,1.6,12.3,kispeco01
265,Maxi Kleber,C,32,DAL,22,7,22.2,2.0,4.3,.453,0.9,2.5,.364,1.0,1.8,.575,.558,0.7,1.1,.640,0.8,2.8,3.6,1.7,0.4,0.7,0.9,2.0,5.5,klebima01
266,Kevin Knox,SF,24,DET,31,11,18.1,2.8,6.0,.462,1.0,3.0,.330,1.8,3.0,.598,.546,0.6,0.7,.909,0.6,1.8,2.4,0.7,0.4,0.2,0.7,1.6,7.2,knoxke01
267,John Konchar,SF,27,MEM,45,15,19.5,1.5,3.6,.426,0.6,2.0,.297,0.9,1.6,.592,.509,0.3,0.4,.813,1.2,3.1,4.3,1.8,0.8,0.9,0.6,1.2,4.0,konchjo01
268,Furkan Korkmaz,SG,26,PHI,35,0,8.6,0.9,2.2,.395,0.4,1.1,.350,0.5,1.0,.444,.487,0.4,0.6,.700,0.1,0.7,0.9,0.7,0.4,0.1,0.3,0.5,2.5,korkmfu01
269,Luke Kornet,C,28,BOS,42,2,14.7,2.1,3.0,.698,0.0,0.0,,2.1,3.0,.698,.698,0.7,0.8,.886,1.8,2.0,3.9,0.9,0.4,1.0,0.4,1.4,4.9,kornelu01
270,Vit Krejci,PG,23,ATL,1,0,2.0,0.0,0.0,,0.0,0.0,,0.0,0.0,,,0.0,0.0,,0.0,0.0,0.0,0.0,0.0,0.0,0.0,0.0,0.0,krejcvi01
271,Jonathan Kuminga,PF,21,GSW,56,30,25.6,5.9,11.0,.532,0.7,2.3,.310,5.1,8.7,.590,.564,3.0,4.1,.723,1.3,3.5,4.7,2.1,0.7,0.4,1.6,2.1,15.4,kuminjo01
272,Kyle Kuzma,PF,28,WAS,56,56,31.9,8.7,18.9,.458,2.3,6.8,.332,6.4,12.1,.529,.518,2.4,3.1,.778,1.0,5.5,6.5,4.1,0.5,0.7,2.7,2.2,22.1,kuzmaky01
273,Jock Landale,C,28,HOU,32,0,8.9,0.8,2.2,.380,0.1,0.6,.111,0.8,1.7,.472,.394,0.4,0.5,.765,1.2,0.9,2.1,0.7,0.3,0.3,0.4,0.9,2.2,landajo01
274,Jake LaRavia,PF,22,MEM,13,0,12.8,1.6,4.7,.344,0.5,2.3,.200,1.2,2.4,.484,.393,0.4,0.5,.714,0.9,1.0,1.9,0.8,0.3,0.2,0.4,1.7,4.1,laravja01
275,Zach LaVine,SG,28,CHI,25,23,34.9,6.8,15.0,.452,2.4,6.8,.349,4.4,8.3,.536,.531,3.5,4.1,.854,0.3,4.8,5.2,3.9,0.8,0.3,2.1,2.3,19.5,lavinza01
276,A.J. Lawson,SG,23,DAL,27,0,8.5,1.4,3.1,.464,0.5,1.5,.325,1.0,1.6,.591,.542,0.4,0.7,.632,0.4,0.8,1.2,0.5,0.3,0.1,0.4,0.7,3.8,lawsoaj01
277,Saben Lee,PG,24,PHO,15,0,7.7,0.9,2.3,.412,0.1,0.7,.100,0.9,1.6,.542,.426,1.5,2.1,.742,0.4,1.1,1.5,1.2,0.5,0.2,0.5,0.4,3.5,leesa01
278,Alex Len,C,30,SAC,23,0,8.6,1.1,1.8,.610,0.0,0.1,.000,1.1,1.7,.658,.610,0.3,0.7,.467,1.2,1.8,3.0,1.0,0.3,0.5,0.6,1.2,2.5,lenal01
279,Kawhi Leonard,SF,32,LAC,51,51,34.3,9.0,17.0,.528,2.2,5.1,.442,6.7,12.0,.564,.593,3.7,4.2,.892,1.2,5.0,6.2,3.7,1.7,0.9,1.7,1.5,23.9,leonaka01
280,Caris LeVert,SG,29,CLE,47,1,27.4,5.1,12.3,.418,1.6,4.9,.328,3.5,7.3,.480,.484,2.2,2.9,.763,0.6,3.2,3.8,4.5,0.9,0.4,1.5,1.7,14.1,leverca01
281,Kira Lewis Jr.,PG,22,TOT,19,0,8.1,0.9,2.8,.315,0.1,1.1,.095,0.8,1.7,.455,.333,0.5,0.6,.909,0.3,0.5,0.8,1.1,0.3,0.1,0.4,0.5,2.4,lewiski01
281,Kira Lewis Jr.,PG,22,NOP,15,0,9.6,1.1,3.5,.308,0.1,1.3,.100,0.9,2.1,.438,.327,0.7,0.7,.909,0.3,0.7,0.9,1.2,0.3,0.1,0.5,0.5,2.9,lewiski01
281,Kira Lewis Jr.,PG,22,TOR,1,0,2.0,0.0,0.0,,0.0,0.0,,0.0,0.0,,,0.0,0.0,,0.0,0.0,0.0,0.0,0.0,0.0,0.0,1.0,0.0,lewiski01
281,Kira Lewis Jr.,PG,22,UTA,3,0,2.3,0.3,0.7,.500,0.0,0.3,.000,0.3,0.3,1.000,.500,0.0,0.0,,0.3,0.0,0.3,1.0,0.3,0.0,0.0,0.0,0.7,lewiski01
282,Maxwell Lewis,SF,21,LAL,20,0,3.5,0.2,0.6,.250,0.1,0.2,.333,0.1,0.5,.222,.292,0.0,0.0,,0.1,0.1,0.2,0.2,0.1,0.0,0.3,0.2,0.4,lewisma05
283,E.J. Liddell,PF,23,NOP,8,0,2.9,0.1,0.8,.167,0.0,0.6,.000,0.1,0.1,1.000,.167,0.3,0.3,1.000,0.0,0.6,0.6,0.1,0.3,0.3,0.3,0.3,0.5,liddeej01
284,Damian Lillard,PG,33,MIL,54,54,34.8,7.4,17.4,.425,2.9,8.5,.344,4.5,8.9,.502,.509,6.8,7.4,.925,0.5,3.8,4.4,6.8,1.1,0.2,2.6,1.8,24.5,lillada01
285,Nassir Little,SF,23,PHO,34,2,12.5,1.4,3.1,.458,0.6,1.8,.317,0.9,1.4,.638,.547,0.5,0.6,.850,0.4,1.7,2.1,0.6,0.3,0.3,0.4,1.1,3.9,littlna01
286,Dereck Lively II,C,19,DAL,40,38,25.1,4.0,5.5,.739,0.0,0.1,.000,4.0,5.4,.745,.739,0.9,1.7,.530,2.8,4.8,7.6,1.2,0.7,1.5,1.1,2.9,8.9,livelde01
287,Isaiah Livers,PF,25,DET,23,6,20.4,1.7,5.0,.345,1.0,3.3,.286,0.8,1.7,.462,.440,0.5,0.8,.667,0.7,1.4,2.1,1.1,0.6,0.2,0.7,1.9,5.0,liveris01
288,Chris Livingston,SF,20,MIL,16,0,4.3,0.4,1.0,.438,0.1,0.2,.333,0.4,0.8,.462,.469,0.1,0.1,1.000,0.1,0.8,0.9,0.3,0.1,0.0,0.3,0.7,1.1,livinch01
289,Kenneth Lofton Jr.,PF,21,TOT,17,0,6.4,0.9,2.5,.349,0.2,0.7,.250,0.7,1.8,.387,.384,0.5,0.9,.533,0.1,0.9,1.1,0.8,0.2,0.2,0.5,0.9,2.4,loftoke01
289,Kenneth Lofton Jr.,PF,21,MEM,15,0,6.6,0.9,2.5,.378,0.2,0.7,.300,0.7,1.8,.407,.419,0.5,1.0,.533,0.1,0.9,1.0,0.9,0.2,0.2,0.4,1.0,2.6,loftoke01
289,Kenneth Lofton Jr.,PF,21,PHI,2,0,4.5,0.5,3.0,.167,0.0,1.0,.000,0.5,2.0,.250,.167,0.0,0.0,,0.0,1.5,1.5,0.0,0.0,0.0,1.0,0.0,1.0,loftoke01
290,Kevon Looney,C,27,GSW,57,36,17.5,2.0,3.3,.602,0.0,0.0,.000,2.0,3.2,.605,.602,0.8,1.1,.694,2.2,4.0,6.2,2.1,0.4,0.4,0.7,2.2,4.7,looneke01
291,Brook Lopez,C,35,MIL,56,56,31.4,4.8,10.0,.481,1.8,5.2,.340,3.1,4.8,.633,.570,1.4,1.7,.839,1.5,3.9,5.5,1.6,0.6,2.7,0.9,2.5,12.8,lopezbr01
292,Robin Lopez,C,35,MIL,16,2,4.1,0.4,1.2,.368,0.1,0.5,.250,0.3,0.7,.455,.421,0.1,0.1,1.000,0.2,0.1,0.3,0.3,0.1,0.2,0.1,0.4,1.1,lopezro01
293,Kevin Love,PF,35,MIA,47,5,17.5,2.9,6.5,.443,1.6,4.5,.349,1.3,2.0,.656,.564,1.7,2.2,.779,1.1,5.1,6.2,2.2,0.3,0.2,0.8,1.8,9.0,loveke01
294,Kyle Lowry,PG,37,TOT,40,35,27.7,2.8,6.4,.433,1.6,4.2,.386,1.2,2.2,.523,.559,0.9,1.1,.837,0.7,2.8,3.4,4.0,1.1,0.4,1.4,2.5,8.0,lowryky01
294,Kyle Lowry,PG,37,MIA,37,35,28.0,2.8,6.5,.426,1.7,4.4,.385,1.1,2.2,.506,.554,0.9,1.1,.833,0.7,2.8,3.5,4.0,1.1,0.4,1.4,2.5,8.2,lowryky01
294,Kyle Lowry,PG,37,PHI,3,0,23.0,2.3,4.0,.583,0.7,1.7,.400,1.7,2.3,.714,.667,0.3,0.3,1.000,0.7,2.0,2.7,4.0,1.3,0.0,1.3,1.7,5.7,lowryky01
295,Seth Lundy,SF,23,ATL,9,0,5.8,0.4,1.9,.235,0.3,1.4,.231,0.1,0.4,.250,.324,0.3,0.4,.750,0.1,0.7,0.8,0.0,0.0,0.0,0.1,0.7,1.6,lundyse01
296,Trey Lyles,PF,28,SAC,42,0,19.7,2.5,5.4,.458,1.6,3.9,.402,0.9,1.5,.603,.604,0.8,1.2,.667,1.0,3.5,4.4,1.1,0.3,0.3,0.6,1.5,7.3,lylestr01
297,Théo Maledon,PG,22,TOT,16,1,13.3,1.3,4.3,.290,0.3,1.9,.167,0.9,2.4,.385,.326,0.9,0.9,.933,0.3,1.3,1.5,1.8,0.4,0.0,1.1,1.3,3.7,maledth01
297,Théo Maledon,PG,22,CHO,13,1,15.4,1.5,5.1,.288,0.4,2.3,.167,1.1,2.8,.389,.326,0.8,0.9,.917,0.3,1.5,1.8,2.2,0.5,0.0,1.2,1.4,4.2,maledth01
297,Théo Maledon,PG,22,PHO,3,0,4.0,0.3,1.0,.333,0.0,0.0,,0.3,1.0,.333,.333,1.0,1.0,1.000,0.0,0.3,0.3,0.0,0.0,0.0,1.0,1.0,1.7,maledth01
298,Sandro Mamukelashvili,C,24,SAS,32,0,6.6,1.0,2.2,.437,0.3,1.1,.235,0.7,1.2,.622,.493,0.4,0.5,.706,0.6,1.2,1.8,0.9,0.2,0.3,0.3,0.7,2.6,mamuksa01
299,Terance Mann,SG,27,LAC,50,46,25.4,3.0,6.5,.471,0.9,2.9,.322,2.1,3.5,.593,.543,0.9,1.1,.768,1.3,2.1,3.4,1.9,0.5,0.2,0.7,1.8,7.9,mannte01
300,Tre Mann,PG,22,TOT,20,7,16.4,2.6,5.6,.459,1.1,2.4,.438,1.5,3.2,.476,.554,0.6,0.8,.750,0.4,2.7,3.1,2.7,0.8,0.0,1.1,0.9,6.8,manntr01
300,Tre Mann,PG,22,OKC,13,0,9.2,1.5,3.1,.500,0.6,1.5,.421,0.9,1.6,.571,.600,0.1,0.1,1.000,0.3,1.5,1.8,1.5,0.2,0.0,0.7,0.2,3.8,manntr01
300,Tre Mann,PG,22,CHO,7,7,29.9,4.4,10.1,.437,1.9,4.1,.448,2.6,6.0,.429,.528,1.6,2.1,.733,0.6,4.7,5.3,4.9,1.7,0.0,1.9,2.1,12.3,manntr01
301,Boban Marjanović,C,35,HOU,9,0,5.3,1.1,2.3,.476,0.0,0.2,.000,1.1,2.1,.526,.476,0.3,0.7,.500,0.7,1.8,2.4,0.4,0.0,0.1,0.2,0.4,2.6,marjabo01
302,Lauri Markkanen,PF,26,UTA,49,49,32.7,7.8,16.1,.487,3.2,8.0,.397,4.7,8.1,.577,.586,4.3,4.8,.886,2.3,6.2,8.4,2.0,0.8,0.5,1.3,1.8,23.1,markkla01
303,Naji Marshall,SF,26,NOP,47,1,18.6,2.5,5.6,.449,0.9,2.3,.370,1.7,3.3,.503,.525,1.3,1.6,.792,0.9,2.5,3.4,2.0,0.7,0.2,1.0,1.5,7.2,marshna01
304,Caleb Martin,SF,28,MIA,41,19,27.0,3.9,8.6,.450,1.2,3.2,.369,2.7,5.4,.498,.519,1.2,1.6,.754,1.2,3.3,4.5,2.1,0.8,0.3,1.2,2.0,10.1,martica02
305,Cody Martin,SF,28,CHO,26,20,26.6,2.9,7.7,.380,1.0,3.0,.316,2.0,4.7,.421,.443,0.7,1.2,.567,0.7,3.3,4.0,3.7,1.2,0.5,1.6,1.7,7.5,martico01
306,KJ Martin,SF,23,TOT,42,2,11.5,1.5,2.8,.551,0.1,0.5,.250,1.4,2.3,.612,.572,0.3,0.7,.483,0.4,1.4,1.8,0.7,0.4,0.1,0.5,1.5,3.5,martike04
306,KJ Martin,SF,23,LAC,2,0,15.5,2.0,5.0,.400,0.5,2.5,.200,1.5,2.5,.600,.450,0.5,1.0,.500,0.5,1.0,1.5,0.5,1.0,0.5,1.0,1.5,5.0,martike04
306,KJ Martin,SF,23,PHI,40,2,11.3,1.5,2.7,.565,0.1,0.4,.267,1.4,2.3,.613,.583,0.3,0.7,.481,0.4,1.4,1.9,0.8,0.4,0.1,0.5,1.5,3.5,martike04
307,Garrison Mathews,SG,27,ATL,42,4,12.8,1.2,2.6,.450,1.0,2.4,.440,0.1,0.2,.556,.651,0.2,0.4,.667,0.2,1.1,1.3,0.5,0.3,0.1,0.4,1.6,3.6,mathega01
308,Bennedict Mathurin,SF,21,IND,55,18,26.0,5.0,11.1,.453,1.3,3.5,.378,3.7,7.6,.487,.512,3.1,3.7,.824,1.0,3.1,4.1,2.1,0.6,0.2,1.7,1.9,14.5,mathube01
309,Wesley Matthews,SG,37,ATL,21,1,11.0,0.6,2.2,.283,0.4,1.7,.250,0.2,0.5,.400,.380,0.7,0.9,.737,0.2,1.1,1.3,0.6,0.5,0.2,0.3,1.3,2.3,matthwe02
310,Tyrese Maxey,PG,23,PHI,53,53,37.3,9.0,20.1,.449,3.1,8.1,.377,6.0,12.0,.498,.525,4.8,5.6,.865,0.5,3.2,3.7,6.4,1.0,0.5,1.7,2.2,25.9,maxeyty01
311,Skylar Mays,PG-SG,26,TOT,31,5,13.5,2.0,5.0,.397,0.5,1.7,.296,1.5,3.3,.451,.449,0.4,0.5,.765,0.3,1.0,1.4,2.7,0.5,0.1,0.6,0.8,4.9,mayssk01
311,Skylar Mays,PG,26,POR,21,5,17.0,2.5,6.6,.384,0.7,2.3,.286,1.9,4.2,.438,.435,0.6,0.8,.765,0.4,1.3,1.8,3.6,0.7,0.1,0.9,1.0,6.3,mayssk01
311,Skylar Mays,SG,26,LAL,10,0,6.3,0.9,1.8,.500,0.2,0.5,.400,0.7,1.3,.538,.556,0.0,0.0,,0.1,0.4,0.5,0.8,0.3,0.1,0.1,0.5,2.0,mayssk01
312,Miles McBride,PG,23,NYK,46,4,13.2,2.2,5.0,.435,1.1,2.8,.392,1.1,2.2,.490,.545,0.5,0.6,.815,0.3,0.7,1.0,1.1,0.6,0.1,0.4,1.2,6.0,mcbrimi01
313,CJ McCollum,PG,32,NOP,43,43,31.7,6.8,14.8,.459,3.3,8.0,.417,3.5,6.9,.508,.571,1.9,2.4,.794,0.6,3.7,4.3,4.6,1.1,0.7,1.6,2.1,18.8,mccolcj01
314,T.J. McConnell,PG,31,IND,48,4,17.4,3.8,7.0,.543,0.1,0.4,.238,3.7,6.6,.563,.550,0.8,1.0,.766,0.5,2.2,2.6,5.5,1.0,0.1,1.5,1.1,8.5,mccontj01
315,Jaden McDaniels,SF,23,MIN,48,47,28.6,4.2,8.4,.498,1.2,3.3,.356,3.0,5.1,.590,.568,0.7,0.9,.780,0.8,1.9,2.7,1.3,0.9,0.5,1.3,3.1,10.2,mcdanja02
316,Jalen McDaniels,SF,26,TOR,34,0,8.8,1.0,3.1,.330,0.3,1.6,.208,0.7,1.6,.453,.382,0.4,0.6,.700,0.3,1.0,1.2,0.5,0.3,0.1,0.5,0.9,2.8,mcdanja01
317,Doug McDermott,SF,32,TOT,52,0,14.7,2.0,4.6,.427,1.5,3.7,.415,0.4,0.9,.478,.594,0.2,0.4,.579,0.2,0.8,1.0,1.2,0.2,0.0,0.5,1.0,5.7,mcderdo01
317,Doug McDermott,SF,32,SAS,46,0,15.2,2.1,4.7,.442,1.7,3.8,.439,0.4,0.9,.452,.619,0.2,0.4,.588,0.2,0.9,1.0,1.2,0.2,0.0,0.5,1.0,6.0,mcderdo01
317,Doug McDermott,SF,32,IND,6,0,11.0,1.2,4.0,.292,0.7,3.3,.200,0.5,0.7,.750,.375,0.2,0.3,.500,0.2,0.3,0.5,0.7,0.0,0.0,0.2,0.5,3.2,mcderdo01
318,JaVale McGee,C,36,SAC,39,0,7.9,1.9,3.0,.629,0.0,0.1,.000,1.9,2.9,.652,.629,0.6,1.1,.581,0.9,1.9,2.9,0.4,0.2,0.5,0.8,1.1,4.4,mcgeeja01
319,Bryce McGowens,SG,21,CHO,46,13,16.0,1.8,4.0,.452,0.7,1.8,.353,1.2,2.2,.535,.532,1.1,1.4,.778,0.3,1.6,1.9,0.9,0.4,0.1,0.5,1.4,5.4,mcgowbr01
320,Jordan McLaughlin,PG,27,MIN,35,0,8.9,0.9,2.3,.407,0.6,1.3,.426,0.4,1.0,.382,.531,0.1,0.2,.500,0.3,0.8,1.1,1.7,0.7,0.1,0.3,0.5,2.6,mclaujo01
321,De'Anthony Melton,SG,25,PHI,36,33,27.8,3.8,9.7,.391,2.1,5.8,.362,1.7,3.9,.433,.499,1.8,2.2,.835,0.8,3.1,3.8,3.1,1.6,0.4,1.1,2.3,11.5,meltode01
322,Nathan Mensah,C,25,CHO,25,0,12.3,0.5,1.1,.429,0.0,0.0,,0.5,1.1,.429,.429,0.4,0.5,.750,1.2,1.4,2.6,0.4,0.2,0.6,0.6,2.6,1.3,mensana01
323,Sam Merrill,SG,27,CLE,40,0,15.2,2.6,5.9,.435,2.2,5.1,.434,0.4,0.8,.438,.622,0.3,0.3,.917,0.4,1.5,1.8,1.5,0.4,0.0,0.3,1.1,7.7,merrisa01
324,Chimezie Metu,C,26,PHO,37,5,12.1,1.8,3.5,.508,0.4,1.4,.294,1.4,2.1,.646,.565,1.0,1.2,.884,0.6,2.3,3.0,0.5,0.5,0.2,0.7,1.1,5.0,metuch01
325,Vasilije Micić,PG,30,TOT,37,0,13.8,1.6,4.0,.412,0.5,1.8,.258,1.2,2.2,.537,.470,0.5,0.7,.741,0.1,0.9,1.0,3.1,0.3,0.1,1.1,0.9,4.3,micicva01
325,Vasilije Micić,PG,30,OKC,30,0,12.0,1.2,3.0,.407,0.4,1.5,.244,0.9,1.5,.565,.467,0.5,0.6,.737,0.0,0.8,0.8,2.5,0.3,0.1,1.0,0.7,3.3,micicva01
325,Vasilije Micić,PG,30,CHO,7,0,21.4,3.4,8.1,.421,0.9,3.0,.286,2.6,5.1,.500,.474,0.9,1.1,.750,0.4,1.3,1.7,5.6,0.3,0.0,1.7,1.7,8.6,micicva01
326,Khris Middleton,SF,32,MIL,43,43,26.3,5.6,11.6,.487,1.7,4.5,.378,3.9,7.1,.556,.560,1.8,2.2,.832,0.6,3.7,4.3,5.0,0.9,0.3,2.1,2.4,14.8,middlkh01
327,Brandon Miller,SF,21,CHO,52,46,31.7,6.2,14.1,.439,2.3,6.1,.376,3.9,7.9,.488,.521,1.8,2.2,.832,0.8,3.2,4.0,2.4,0.9,0.5,1.8,2.6,16.5,millebr02
328,Jordan Miller,SF,24,LAC,5,0,4.2,0.8,1.2,.667,0.2,0.2,1.000,0.6,1.0,.600,.750,0.4,0.4,1.000,0.4,0.4,0.8,0.0,0.0,0.0,0.2,0.4,2.2,millejo02
329,Leonard Miller,SF,20,MIN,7,0,3.7,1.0,1.6,.636,0.1,0.4,.333,0.9,1.1,.750,.682,0.0,0.0,,0.1,1.3,1.4,0.4,0.1,0.1,0.1,0.4,2.1,millele01
330,Dariq Whitehead,SF,19,BRK,2,0,12.0,0.5,2.5,.200,0.0,1.5,.000,0.5,1.0,.500,.200,0.5,1.0,.500,0.0,2.0,2.0,1.5,0.0,0.5,0.0,0.0,1.5,whiteda01
331,Patty Mills,PG,35,ATL,19,0,10.6,1.0,2.7,.373,0.7,1.8,.382,0.3,0.9,.353,.500,0.0,0.0,,0.3,0.8,1.1,0.7,0.5,0.1,0.4,0.9,2.7,millspa02
332,Shake Milton,SG,27,TOT,42,0,13.2,1.8,4.4,.403,0.4,1.5,.274,1.4,3.0,.468,.449,0.9,1.1,.809,0.3,1.3,1.6,1.3,0.4,0.1,0.7,1.1,4.9,miltosh01
332,Shake Milton,SG,27,MIN,38,0,12.9,1.7,4.2,.400,0.4,1.4,.264,1.3,2.8,.467,.444,0.9,1.2,.818,0.2,1.2,1.3,1.3,0.4,0.1,0.7,1.2,4.7,miltosh01
332,Shake Milton,SG,27,DET,4,0,15.8,2.8,6.5,.423,0.8,2.3,.333,2.0,4.3,.471,.481,0.5,0.8,.667,1.8,2.8,4.5,1.5,0.5,0.3,0.8,0.8,6.8,miltosh01
333,Justin Minaya,SF,24,POR,19,0,7.9,0.3,1.3,.240,0.2,0.8,.188,0.2,0.5,.333,.300,0.2,0.3,.500,0.5,0.5,1.1,0.4,0.3,0.3,0.3,0.5,0.9,minayju01
334,Josh Minott,SF,21,MIN,21,0,3.0,0.5,1.0,.476,0.0,0.3,.167,0.4,0.7,.600,.500,0.6,0.7,.857,0.1,0.4,0.6,0.1,0.1,0.1,0.1,0.3,1.6,minotjo01
335,Davion Mitchell,PG,25,SAC,47,3,13.1,1.4,3.5,.410,0.6,1.8,.318,0.9,1.7,.506,.491,0.4,0.5,.720,0.1,0.9,1.0,1.7,0.2,0.1,0.5,1.2,3.9,mitchda01
336,Donovan Mitchell,SG,27,CLE,46,46,35.5,9.8,20.6,.474,3.4,9.1,.370,6.4,11.5,.556,.555,5.3,6.1,.865,0.9,4.5,5.4,6.2,1.8,0.5,2.9,2.2,28.2,mitchdo01
337,Evan Mobley,PF,22,CLE,34,34,31.0,6.5,11.1,.585,0.3,0.8,.357,6.2,10.3,.603,.598,2.3,3.1,.733,2.4,7.6,10.0,2.9,0.9,1.5,1.9,2.9,15.6,mobleev01
338,Isaiah Mobley,PF,24,CLE,3,0,4.7,0.7,1.3,.500,0.3,0.7,.500,0.3,0.7,.500,.625,0.0,0.0,,0.0,0.7,0.7,1.3,0.3,0.0,0.3,0.7,1.7,mobleis01
339,Malik Monk,SG,25,SAC,56,0,25.8,5.3,11.8,.448,2.2,5.9,.367,3.1,5.9,.530,.541,2.3,2.8,.811,0.3,2.4,2.7,5.3,0.6,0.6,2.1,2.0,15.1,monkma01
340,Moses Moody,SG,21,GSW,43,5,16.9,2.9,6.2,.466,1.1,3.0,.354,1.8,3.2,.574,.553,1.1,1.4,.797,1.0,1.9,2.9,0.8,0.7,0.3,0.7,1.2,7.9,moodymo01
341,Xavier Moon,SG,29,LAC,2,0,6.0,0.5,1.0,.500,0.0,0.5,.000,0.5,0.5,1.000,.500,0.0,0.0,,0.0,1.0,1.0,1.5,0.0,0.0,0.5,0.5,1.0,moonxa01
342,Taze Moore,SG,25,POR,3,0,3.3,1.0,1.7,.600,0.0,0.7,.000,1.0,1.0,1.000,.600,0.0,0.0,,0.0,0.0,0.0,0.3,0.3,0.0,0.3,0.7,2.0,mooreta02
343,Wendell Moore Jr.,SG,22,MIN,14,0,3.1,0.4,0.7,.500,0.0,0.3,.000,0.4,0.4,.833,.500,0.0,0.0,,0.0,0.4,0.4,0.1,0.4,0.1,0.2,0.3,0.7,moorewe01
344,Ja Morant,PG,24,MEM,9,9,35.3,8.9,18.9,.471,1.6,5.7,.275,7.3,13.2,.555,.512,5.8,7.1,.813,0.7,4.9,5.6,8.1,0.8,0.6,3.0,2.1,25.1,moranja01
345,Marcus Morris,PF,34,PHI,37,7,17.2,2.4,5.5,.439,1.0,2.4,.400,1.5,3.1,.470,.527,0.8,1.0,.861,0.5,2.5,2.9,0.7,0.4,0.3,0.5,1.6,6.7,morrima03
346,Markieff Morris,PF,34,DAL,18,1,8.9,0.9,2.7,.327,0.6,1.7,.333,0.3,1.1,.316,.429,0.2,0.2,.750,0.2,1.4,1.7,0.6,0.3,0.1,0.5,0.6,2.5,morrima02
347,Monte Morris,PG,28,TOT,12,0,14.1,2.1,5.5,.379,0.6,2.3,.259,1.5,3.3,.462,.432,0.4,0.6,.714,0.3,1.6,1.8,2.0,0.6,0.3,0.3,0.3,5.2,morrimo01
347,Monte Morris,PG,28,DET,6,0,11.3,2.0,5.5,.364,0.3,1.8,.182,1.7,3.7,.455,.394,0.2,0.3,.500,0.3,1.7,2.0,1.3,0.2,0.2,0.3,0.2,4.5,morrimo01
347,Monte Morris,PG,28,MIN,6,0,16.8,2.2,5.5,.394,0.8,2.7,.313,1.3,2.8,.471,.470,0.7,0.8,.800,0.2,1.5,1.7,2.7,1.0,0.3,0.2,0.5,5.8,morrimo01
348,Trey Murphy III,SF,23,NOP,34,10,26.8,4.3,10.1,.426,2.6,7.2,.355,1.7,2.9,.602,.552,1.6,2.1,.775,0.6,3.5,4.1,1.7,0.8,0.6,0.5,1.3,12.8,murphtr02
349,Dejounte Murray,SG,27,ATL,55,55,35.0,8.2,17.7,.465,2.2,6.2,.357,6.0,11.5,.523,.527,2.8,3.4,.827,0.8,4.5,5.3,5.6,1.3,0.3,2.3,1.7,21.5,murrade01
350,Jamal Murray,PG,26,DEN,42,42,31.5,7.8,16.5,.472,2.4,5.8,.410,5.4,10.6,.506,.544,2.7,3.1,.856,0.7,3.3,3.9,6.4,0.8,0.7,2.0,1.9,20.6,murraja01
351,Keegan Murray,SF,23,SAC,53,53,32.7,5.7,12.2,.465,2.3,6.2,.365,3.4,6.0,.569,.558,1.3,1.6,.816,1.2,4.1,5.3,1.6,1.1,0.6,0.9,2.7,15.0,murrake02
352,Kris Murray,SF,23,POR,37,4,14.7,1.5,3.9,.378,0.5,1.9,.264,0.9,1.9,.493,.444,0.3,0.6,.545,0.9,1.5,2.4,0.8,0.8,0.2,0.6,1.0,3.8,murrakr01
353,Mike Muscala,C,32,TOT,37,6,13.8,1.3,3.6,.358,0.7,2.3,.318,0.6,1.3,.429,.459,0.5,0.6,.708,0.9,1.9,2.8,0.9,0.2,0.3,0.5,1.2,3.8,muscami01
353,Mike Muscala,C,32,WAS,24,2,14.1,1.4,3.8,.367,0.6,2.1,.275,0.8,1.6,.487,.444,0.6,0.8,.750,0.9,2.2,3.1,0.9,0.2,0.3,0.7,1.3,4.0,muscami01
353,Mike Muscala,C,32,DET,13,4,13.2,1.2,3.4,.341,1.0,2.6,.382,0.2,0.8,.200,.489,0.2,0.3,.500,0.8,1.5,2.2,0.8,0.2,0.4,0.2,1.0,3.5,muscami01
354,Svi Mykhailiuk,SF,26,BOS,24,0,7.6,1.0,2.8,.348,0.7,2.2,.321,0.3,0.5,.462,.477,0.1,0.3,.500,0.2,0.7,0.9,0.5,0.3,0.0,0.3,0.5,2.8,mykhasv01
355,Larry Nance Jr.,C,31,NOP,41,0,18.4,2.1,3.6,.574,0.5,1.1,.426,1.6,2.5,.644,.642,0.7,1.0,.718,1.5,3.7,5.2,1.5,1.0,0.4,0.9,1.5,5.3,nancela02
356,Pete Nance,PF,23,CLE,2,0,2.0,0.0,1.0,.000,0.0,0.0,,0.0,1.0,.000,.000,0.0,0.0,,0.0,0.0,0.0,0.0,0.0,0.0,0.0,0.0,0.0,nancepe01
357,Andrew Nembhard,PG,24,IND,45,24,23.4,3.9,7.8,.496,0.8,2.2,.340,3.1,5.6,.557,.544,0.7,0.8,.789,0.6,1.3,1.9,4.4,0.9,0.1,1.7,2.0,9.2,nembhan01
358,Aaron Nesmith,SF,24,IND,51,26,27.1,4.6,8.9,.519,2.1,4.7,.452,2.5,4.2,.593,.638,1.3,1.8,.702,0.9,2.9,3.9,1.4,1.1,0.7,1.0,3.3,12.6,nesmiaa01
359,Georges Niang,PF,30,CLE,57,1,21.5,3.3,7.5,.440,1.7,4.7,.363,1.6,2.8,.569,.554,0.6,0.8,.822,0.3,3.3,3.6,1.1,0.2,0.2,0.8,2.4,8.9,niangge01
360,Daishen Nix,PG,21,MIN,10,0,3.5,0.8,1.9,.421,0.5,1.3,.385,0.3,0.6,.500,.553,0.1,0.4,.250,0.0,0.1,0.1,0.2,0.2,0.0,0.1,0.1,2.2,nixda01
361,Zeke Nnaji,PF,23,DEN,43,0,9.8,1.3,2.8,.462,0.1,0.4,.263,1.2,2.3,.500,.483,0.8,1.2,.706,1.2,1.0,2.2,0.6,0.3,0.6,0.6,1.5,3.5,nnajize01
362,Jaylen Nowell,SG,24,MEM,9,1,17.3,2.4,6.1,.400,0.4,2.6,.174,2.0,3.6,.563,.436,0.3,0.3,1.000,0.3,1.2,1.6,1.8,0.3,0.0,0.6,1.4,5.7,nowelja01
363,Markquis Nowell,SG,24,TOR,1,0,4.0,0.0,1.0,.000,0.0,0.0,,0.0,1.0,.000,.000,2.0,2.0,1.000,2.0,0.0,2.0,2.0,1.0,0.0,0.0,0.0,2.0,nowelma01
364,Frank Ntilikina,PG,25,CHO,5,0,8.6,0.2,1.8,.111,0.2,1.6,.125,0.0,0.2,.000,.167,0.4,0.4,1.000,0.2,1.0,1.2,0.8,0.0,0.0,0.2,0.8,1.0,ntilila01
365,Jusuf Nurkić,C,29,PHO,54,54,27.3,4.6,8.8,.518,0.4,1.6,.250,4.2,7.2,.575,.540,2.3,3.4,.687,2.6,7.7,10.3,3.8,1.0,1.0,2.1,3.3,11.8,nurkiju01
366,Jordan Nwora,SF,25,TOT,30,1,10.9,1.9,4.5,.425,0.7,2.0,.328,1.2,2.4,.507,.500,0.9,1.1,.875,0.4,1.6,2.0,1.1,0.4,0.1,0.6,1.1,5.4,nworajo01
366,Jordan Nwora,SF,25,IND,18,0,10.2,2.1,4.6,.451,0.6,2.0,.306,1.4,2.6,.565,.518,0.5,0.6,.818,0.4,1.4,1.8,1.0,0.3,0.1,0.7,1.1,5.2,nworajo01
366,Jordan Nwora,SF,25,TOR,12,1,11.9,1.7,4.3,.385,0.8,2.1,.360,0.9,2.3,.407,.471,1.6,1.8,.905,0.4,1.8,2.3,1.3,0.5,0.2,0.6,1.2,5.7,nworajo01
367,Royce O'Neale,SF,30,TOT,55,7,24.6,2.6,6.7,.389,2.0,5.5,.370,0.6,1.3,.471,.539,0.3,0.5,.630,0.8,3.9,4.7,2.8,0.8,0.6,1.0,2.4,7.6,onealro01
367,Royce O'Neale,SF,30,BRK,49,6,24.5,2.6,6.6,.388,2.0,5.4,.366,0.6,1.2,.483,.537,0.3,0.4,.682,0.8,3.7,4.5,2.8,0.7,0.6,1.0,2.4,7.4,onealro01
367,Royce O'Neale,SF,30,PHO,6,1,24.8,3.0,7.5,.400,2.3,5.8,.400,0.7,1.7,.400,.556,0.3,0.8,.400,0.8,5.3,6.2,2.7,1.8,0.5,0.7,2.2,8.7,onealro01
368,Chuma Okeke,SF,25,ORL,35,8,11.1,1.1,2.9,.380,0.7,2.1,.315,0.4,0.8,.556,.495,0.1,0.1,.400,0.5,1.6,2.1,0.5,0.2,0.2,0.3,0.5,2.9,okekech01
369,Josh Okogie,SG,25,PHO,52,11,17.3,1.5,3.7,.417,0.5,1.7,.295,1.0,2.0,.519,.484,1.4,1.9,.732,1.3,1.4,2.8,1.2,0.9,0.4,0.6,1.2,4.9,okogijo01
370,Onyeka Okongwu,C,23,ATL,53,8,25.8,4.0,6.6,.610,0.4,1.2,.338,3.6,5.4,.671,.641,1.7,2.2,.800,2.7,4.3,7.0,1.3,0.4,1.1,0.8,3.0,10.2,okongon01
371,Isaac Okoro,SF,23,CLE,48,26,26.2,3.3,6.6,.498,1.1,2.8,.394,2.2,3.9,.572,.580,1.4,2.1,.690,1.1,2.0,3.1,2.0,0.8,0.5,0.8,2.0,9.1,okorois01
372,Kelly Olynyk,C,32,TOT,56,8,20.2,2.9,5.3,.552,0.7,1.7,.406,2.2,3.6,.622,.618,1.6,1.9,.844,1.3,3.7,5.0,4.2,0.8,0.3,1.5,2.7,8.2,olynyke01
372,Kelly Olynyk,C,32,UTA,50,8,20.4,2.9,5.2,.562,0.7,1.7,.429,2.2,3.5,.626,.632,1.6,1.9,.842,1.3,3.8,5.1,4.4,0.7,0.2,1.6,2.6,8.1,olynyke01
372,Kelly Olynyk,C,32,TOR,6,0,19.0,3.2,6.5,.487,0.5,2.0,.250,2.7,4.5,.593,.526,2.0,2.3,.857,1.2,2.8,4.0,2.8,1.3,0.5,0.8,2.8,8.8,olynyke01
373,Eugene Omoruyi,SF,26,WAS,27,0,7.6,1.7,3.6,.490,0.2,0.9,.240,1.5,2.6,.577,.521,0.9,1.2,.750,0.9,1.3,2.1,0.8,0.7,0.0,0.5,1.4,4.6,omorueu01
374,Cedi Osman,SF,28,SAS,59,1,17.8,2.6,5.5,.475,1.2,3.1,.380,1.4,2.3,.601,.584,0.6,0.8,.680,0.4,2.1,2.5,1.7,0.5,0.2,0.7,1.4,6.9,osmande01
375,Kelly Oubre Jr.,SF,28,PHI,46,33,28.9,5.1,11.3,.453,1.4,4.4,.309,3.8,6.9,.546,.513,2.0,2.8,.729,1.2,3.2,4.5,1.1,1.2,0.5,1.0,3.0,13.7,oubreke01
376,Chris Paul,PG,38,GSW,33,11,27.4,3.2,7.6,.426,1.4,3.8,.371,1.8,3.8,.480,.518,1.1,1.3,.833,0.3,3.5,3.8,7.2,1.2,0.1,1.2,1.8,8.9,paulch01
377,Cameron Payne,PG,29,TOT,55,3,15.6,2.4,5.3,.447,1.2,3.0,.392,1.2,2.3,.520,.558,0.8,1.0,.852,0.2,1.2,1.3,2.4,0.5,0.1,0.7,1.5,6.8,payneca01
377,Cameron Payne,PG,29,MIL,47,2,14.9,2.1,4.7,.455,1.1,2.8,.397,1.0,1.9,.538,.572,0.8,0.9,.841,0.1,1.2,1.3,2.3,0.5,0.1,0.7,1.6,6.2,payneca01
377,Cameron Payne,PG,29,PHI,8,1,19.5,3.8,8.9,.423,1.6,4.4,.371,2.1,4.5,.472,.514,1.1,1.3,.900,0.5,0.9,1.4,2.9,0.4,0.3,0.9,1.1,10.3,payneca01
378,Gary Payton II,SG,31,GSW,23,0,15.8,2.6,4.9,.527,0.6,1.7,.342,2.0,3.2,.622,.585,0.4,0.6,.692,1.2,1.7,3.0,1.0,1.1,0.3,0.6,1.7,6.1,paytoga02
379,Drew Peterson,PF,24,BOS,1,0,3.0,1.0,1.0,1.000,1.0,1.0,1.000,0.0,0.0,,1.500,0.0,0.0,,0.0,0.0,0.0,1.0,0.0,0.0,0.0,1.0,3.0,peterdr01
380,Filip Petrušev,C,23,TOT,3,0,3.3,0.3,0.7,.500,0.0,0.0,,0.3,0.7,.500,.500,0.3,0.7,.500,0.0,0.3,0.3,0.0,0.0,0.0,0.0,0.3,1.0,petrufi01
380,Filip Petrušev,C,23,PHI,1,0,3.0,0.0,0.0,,0.0,0.0,,0.0,0.0,,,0.0,0.0,,0.0,1.0,1.0,0.0,0.0,0.0,0.0,0.0,0.0,petrufi01
380,Filip Petrušev,C,23,SAC,2,0,3.5,0.5,1.0,.500,0.0,0.0,,0.5,1.0,.500,.500,0.5,1.0,.500,0.0,0.0,0.0,0.0,0.0,0.0,0.0,0.5,1.5,petrufi01
381,Julian Phillips,SF,20,CHI,32,0,6.8,0.7,1.6,.440,0.2,0.8,.250,0.5,0.8,.615,.500,0.2,0.3,.545,0.2,0.5,0.7,0.3,0.0,0.2,0.2,1.0,1.8,phillju01
382,Jalen Pickett,SG,24,DEN,19,0,5.4,0.6,1.5,.414,0.4,1.1,.333,0.3,0.4,.625,.534,0.2,0.2,.750,0.1,0.5,0.6,0.7,0.2,0.0,0.3,0.5,1.8,pickeja02
383,Scotty Pippen Jr.,PG,23,MEM,8,4,22.6,3.5,7.4,.475,1.6,2.9,.565,1.9,4.5,.417,.585,1.9,2.6,.714,1.0,2.4,3.4,4.5,1.0,0.5,1.9,2.6,10.5,pippesc02
384,Mason Plumlee,C,33,LAC,25,9,16.8,2.2,3.5,.644,0.0,0.0,,2.2,3.5,.644,.644,1.8,2.6,.697,1.4,4.2,5.6,1.2,0.3,0.3,0.6,1.5,6.3,plumlma01
385,Brandin Podziemski,SG,20,GSW,51,18,26.7,3.9,8.6,.455,1.3,3.4,.374,2.6,5.2,.508,.529,0.7,1.2,.623,1.5,4.3,5.8,3.9,0.8,0.2,1.3,1.8,9.8,podzibr01
386,Jakob Poeltl,C,28,TOR,47,47,26.6,4.9,7.4,.663,0.0,0.0,,4.9,7.4,.663,.663,1.2,2.2,.559,2.9,5.7,8.6,2.5,0.6,1.5,1.6,2.9,11.1,poeltja01
387,Aleksej Pokusevski,PF,22,OKC,10,0,6.0,0.4,1.6,.250,0.2,1.1,.182,0.2,0.5,.400,.313,0.2,0.4,.500,0.2,0.8,1.0,0.5,0.1,0.1,0.3,0.5,1.2,pokusal01
388,Jordan Poole,SG,24,WAS,56,52,29.3,5.7,14.4,.397,2.0,6.6,.307,3.7,7.7,.473,.468,2.6,3.0,.861,0.4,2.1,2.5,3.7,1.1,0.3,2.2,3.3,16.0,poolejo01
389,Craig Porter Jr.,PG,23,CLE,34,5,14.1,2.5,5.0,.506,0.2,0.6,.333,2.3,4.4,.530,.526,0.9,1.4,.696,0.4,1.9,2.4,2.7,0.5,0.4,1.0,0.9,6.2,portecr01
390,Jontay Porter,PF,24,TOR,17,5,13.0,1.5,4.1,.371,0.7,2.2,.324,0.8,1.9,.424,.457,0.6,0.7,.917,1.0,2.2,3.2,1.8,0.7,0.6,0.6,1.6,4.4,portejo01
391,Michael Porter Jr.,SF,25,DEN,57,57,31.7,6.2,13.2,.473,2.7,6.9,.391,3.5,6.3,.564,.576,1.1,1.3,.811,1.4,5.7,7.1,1.4,0.5,0.7,1.1,1.9,16.2,portemi01
392,Otto Porter Jr.,SF,30,TOR,15,1,11.6,0.9,2.2,.424,0.5,1.5,.348,0.4,0.7,.600,.545,0.2,0.2,1.000,0.4,1.5,1.9,0.5,0.3,0.3,0.1,1.3,2.6,porteot01
393,Bobby Portis,PF,28,MIL,59,1,23.8,5.2,10.5,.499,1.2,3.0,.391,4.1,7.5,.543,.556,1.2,1.6,.793,1.6,5.2,6.9,1.1,0.7,0.4,1.0,2.4,12.9,portibo01
394,Kristaps Porziņģis,C,28,BOS,43,43,29.6,6.7,12.8,.525,1.9,5.0,.370,4.9,7.8,.624,.597,4.9,5.7,.857,1.6,5.3,6.9,1.9,0.6,1.8,1.6,2.8,20.2,porzikr01
395,Micah Potter,PF,25,UTA,2,0,3.5,0.0,0.5,.000,0.0,0.5,.000,0.0,0.0,,.000,0.0,0.0,,0.0,2.0,2.0,0.0,0.0,0.0,0.0,0.0,0.0,pottemi01
396,Dwight Powell,C,32,DAL,49,8,14.9,1.4,1.9,.705,0.0,0.0,.500,1.3,1.9,.710,.711,1.2,1.7,.723,1.7,2.1,3.7,1.5,0.4,0.4,0.6,2.0,4.0,poweldw01
397,Norman Powell,SG,30,LAC,55,1,25.5,4.8,9.8,.494,2.2,4.8,.456,2.7,5.0,.529,.605,1.8,2.1,.838,0.2,2.3,2.5,1.0,0.5,0.3,0.9,1.8,13.6,powelno01
398,Jason Preston,PG,24,UTA,1,0,1.0,0.0,0.0,,0.0,0.0,,0.0,0.0,,,0.0,0.0,,1.0,0.0,1.0,0.0,0.0,0.0,1.0,0.0,0.0,prestja01
399,Joshua Primo,SG,21,LAC,1,0,5.0,1.0,2.0,.500,0.0,1.0,.000,1.0,1.0,1.000,.500,0.0,0.0,,0.0,0.0,0.0,0.0,0.0,1.0,3.0,0.0,2.0,primojo01
400,Taurean Prince,PF,29,LAL,56,49,29.8,3.4,7.9,.436,2.0,5.1,.386,1.5,2.8,.525,.560,0.7,0.9,.717,0.2,2.7,3.0,1.7,0.9,0.5,0.9,2.1,9.5,princta02
401,Payton Pritchard,PG,26,BOS,58,0,20.5,2.9,6.6,.433,1.7,4.5,.377,1.2,2.1,.553,.561,0.5,0.6,.811,0.9,2.2,3.1,2.7,0.4,0.1,0.6,1.2,7.9,pritcpa01
402,Olivier-Maxence Prosper,PF,21,DAL,31,0,8.3,0.8,2.3,.352,0.3,1.1,.242,0.5,1.2,.447,.408,0.7,1.1,.676,0.6,1.4,2.0,0.6,0.1,0.1,0.2,0.5,2.6,prospol01
403,Trevelin Queen,SG,26,ORL,13,0,12.5,1.1,2.9,.368,0.2,1.3,.176,0.8,1.6,.524,.408,0.7,0.9,.750,0.2,1.2,1.5,1.4,0.5,0.4,0.5,1.2,3.1,queentr01
404,Neemias Queta,C,24,BOS,23,0,12.3,2.1,3.5,.613,0.0,0.0,,2.1,3.5,.613,.613,0.7,0.9,.750,1.9,2.5,4.4,0.5,0.4,0.6,0.4,2.0,4.9,quetane01
405,Immanuel Quickley,SG-PG,24,TOT,53,23,27.6,5.4,12.5,.434,2.5,6.0,.411,3.0,6.5,.455,.533,2.6,3.0,.856,0.2,3.1,3.3,3.8,0.6,0.1,1.2,1.7,15.9,quickim01
405,Immanuel Quickley,SG,24,NYK,30,0,24.0,5.1,11.2,.454,2.1,5.4,.395,2.9,5.8,.509,.549,2.7,3.1,.872,0.2,2.4,2.6,2.5,0.5,0.1,1.0,1.5,15.0,quickim01
405,Immanuel Quickley,PG,24,TOR,23,23,32.4,5.9,14.2,.414,2.9,6.7,.429,3.0,7.5,.401,.515,2.4,2.9,.833,0.3,3.9,4.3,5.5,0.8,0.2,1.4,1.9,17.0,quickim01
406,Lester Quinones,SG,23,GSW,23,0,12.3,1.6,4.0,.396,0.9,2.3,.396,0.7,1.7,.395,.511,0.7,1.0,.696,0.8,1.5,2.3,1.2,0.2,0.1,0.7,1.6,4.7,quinole01
407,Julius Randle,PF,29,NYK,46,46,35.4,8.6,18.2,.472,1.7,5.3,.311,6.9,12.9,.539,.518,5.1,6.6,.781,2.2,7.0,9.2,5.0,0.5,0.3,3.5,2.7,24.0,randlju01
408,Duop Reath,C,27,POR,43,11,17.1,3.2,6.9,.464,1.3,3.5,.368,1.9,3.3,.566,.559,1.0,1.3,.737,1.5,2.3,3.8,1.1,0.5,0.5,0.7,2.5,8.7,reathdu01
409,Austin Reaves,SG,25,LAL,59,34,31.2,5.5,11.2,.488,1.7,4.8,.364,3.7,6.4,.581,.566,3.0,3.5,.865,0.7,3.3,3.9,5.4,0.9,0.2,2.1,1.9,15.7,reaveau01
410,Cam Reddish,SF,24,LAL,35,26,23.3,2.4,5.9,.405,0.9,2.7,.337,1.5,3.1,.464,.483,1.0,1.3,.783,0.5,1.9,2.4,1.3,1.2,0.3,0.9,1.6,6.7,reddica01
411,Paul Reed,C,24,PHI,58,22,18.1,2.9,5.3,.539,0.2,0.6,.343,2.7,4.7,.564,.558,0.6,0.8,.733,2.2,3.4,5.5,1.2,0.7,0.8,0.7,2.4,6.5,reedpa01
412,Naz Reid,C,24,MIN,58,0,22.8,4.6,9.5,.485,1.8,4.6,.405,2.8,4.9,.559,.583,1.2,1.6,.756,0.9,3.7,4.7,1.0,0.7,0.8,1.2,2.0,12.2,reidna01
413,Jared Rhoden,SG,24,DET,6,0,7.0,1.0,1.8,.545,0.2,0.7,.250,0.8,1.2,.714,.591,0.3,0.3,1.000,0.2,0.7,0.8,0.7,0.0,0.3,0.5,0.7,2.5,rhodeja01
414,Nick Richards,C,26,CHO,49,36,26.0,3.9,5.6,.685,0.0,0.0,,3.9,5.6,.685,.685,2.1,2.9,.729,2.7,5.4,8.1,0.9,0.4,1.3,1.1,2.7,9.9,richani01
415,Josh Richardson,SG,30,MIA,43,6,25.7,3.6,8.1,.444,1.5,4.4,.347,2.0,3.7,.561,.539,1.2,1.3,.944,0.4,2.4,2.8,2.4,0.6,0.3,0.8,1.8,9.9,richajo01
416,Duncan Robinson,SF,29,MIA,53,21,27.8,4.6,10.1,.453,2.8,6.8,.410,1.8,3.3,.543,.592,1.3,1.5,.886,0.2,2.2,2.4,3.0,0.6,0.2,1.4,2.3,13.3,robindu01
417,Jerome Robinson,SG,26,GSW,12,0,3.2,0.2,1.0,.167,0.1,0.6,.143,0.1,0.4,.200,.208,0.4,0.7,.625,0.1,0.2,0.3,0.2,0.0,0.1,0.0,0.2,0.8,robinje01
418,Mitchell Robinson,C,25,NYK,21,21,29.2,2.8,4.7,.592,0.0,0.0,,2.8,4.7,.592,.592,0.7,1.8,.368,5.3,5.0,10.3,0.7,1.5,1.3,1.0,1.9,6.2,robinmi01
419,Orlando Robinson,C,23,MIA,24,7,10.0,1.3,2.6,.516,0.3,0.5,.538,1.0,2.0,.510,.573,0.8,1.0,.750,0.8,2.0,2.8,1.1,0.3,0.3,0.6,1.3,3.7,robinor01
420,Jeremiah Robinson-Earl,PF,23,NOP,25,1,10.0,1.4,2.7,.522,0.5,1.1,.429,0.9,1.6,.590,.612,0.4,0.5,.769,0.7,1.6,2.3,0.4,0.4,0.2,0.4,0.7,3.7,robinje02
421,David Roddy,PF,22,TOT,51,13,22.1,3.1,7.6,.404,0.9,3.1,.304,2.1,4.5,.472,.465,0.9,1.3,.687,1.0,3.0,4.0,1.5,0.5,0.2,1.1,1.4,8.0,roddyda01
421,David Roddy,PF,22,MEM,48,13,23.2,3.2,8.0,.402,1.0,3.3,.301,2.3,4.8,.470,.462,1.0,1.4,.687,1.1,3.1,4.2,1.6,0.5,0.2,1.1,1.4,8.4,roddyda01
421,David Roddy,PF,22,PHO,3,0,4.0,0.7,1.0,.667,0.3,0.7,.500,0.3,0.3,1.000,.833,0.0,0.0,,0.0,0.7,0.7,0.0,0.0,0.0,0.3,0.3,1.7,roddyda01
422,Ryan Rollins,PG,21,WAS,10,0,6.6,1.3,2.5,.520,0.2,0.3,.667,1.1,2.2,.500,.560,1.3,1.7,.765,0.2,0.9,1.1,1.1,0.8,0.3,0.7,0.7,4.1,rolliry01
423,Derrick Rose,PG,35,MEM,23,7,17.1,3.3,7.1,.460,0.7,1.8,.366,2.6,5.3,.492,.506,1.0,1.2,.889,0.3,1.7,2.0,3.3,0.3,0.1,1.3,0.9,8.2,rosede01
424,Terry Rozier,SG-PG,29,TOT,41,40,34.0,7.4,16.9,.441,2.3,6.9,.339,5.1,10.0,.512,.511,3.3,3.8,.865,0.7,3.4,4.0,6.3,1.0,0.4,1.9,1.7,20.5,roziete01
424,Terry Rozier,SG,29,CHO,30,30,35.5,8.4,18.3,.459,2.8,7.7,.358,5.6,10.6,.533,.535,3.6,4.3,.845,0.6,3.3,3.9,6.6,1.1,0.4,2.2,1.7,23.2,roziete01
424,Terry Rozier,PG,29,MIA,11,10,29.9,4.8,12.9,.373,1.2,4.6,.255,3.6,8.3,.440,.419,2.4,2.5,.963,0.9,3.5,4.5,5.5,0.8,0.4,1.2,1.7,13.2,roziete01
425,Rayan Rupert,SG,19,POR,16,0,7.4,0.9,2.7,.349,0.4,1.1,.412,0.5,1.6,.308,.430,0.3,0.5,.625,0.4,0.9,1.3,0.7,0.2,0.0,0.4,0.4,2.6,ruperra01
426,D'Angelo Russell,PG,27,LAL,54,47,31.4,6.4,13.9,.465,2.7,6.5,.417,3.7,7.4,.508,.563,2.0,2.5,.806,0.4,2.5,2.9,6.4,0.8,0.5,1.9,2.1,17.6,russeda01
427,Matt Ryan,SF,26,NOP,17,1,19.8,2.6,5.7,.464,2.2,4.6,.481,0.4,1.1,.389,.660,0.8,0.8,.929,0.3,1.8,2.1,0.9,0.4,0.1,1.0,1.6,8.3,ryanma01
428,Domantas Sabonis,C,27,SAC,57,57,35.8,8.1,13.1,.621,0.5,1.1,.429,7.6,12.0,.638,.639,3.3,4.8,.691,3.3,9.9,13.2,8.5,0.9,0.5,3.3,3.1,20.0,sabondo01
429,Luka Šamanić,PF,24,UTA,27,0,5.5,0.9,2.3,.377,0.2,0.9,.250,0.6,1.4,.459,.426,0.6,0.8,.810,0.3,1.3,1.6,0.1,0.0,0.1,0.4,0.6,2.6,samanlu01
430,Jermaine Samuels,SF,25,HOU,11,0,4.8,0.7,1.0,.727,0.0,0.2,.000,0.7,0.8,.889,.727,0.2,0.2,1.000,0.2,0.8,1.0,0.2,0.1,0.1,0.0,0.4,1.6,samueje01
431,Adama Sanogo,PF,21,CHI,3,0,3.7,1.0,1.0,1.000,0.0,0.0,,1.0,1.0,1.000,1.000,0.7,1.0,.667,0.7,1.3,2.0,0.0,0.0,0.0,0.3,0.0,2.7,sanogad01
432,Gui Santos,PF,21,GSW,14,0,8.4,1.2,2.4,.500,0.4,1.1,.400,0.8,1.4,.579,.588,1.0,1.1,.933,0.9,1.6,2.4,0.5,0.2,0.1,0.3,1.1,3.9,santogu01
433,Dario Šarić,C,29,GSW,55,9,18.7,3.1,6.7,.469,1.3,3.4,.390,1.8,3.3,.549,.568,1.4,1.6,.864,1.2,3.7,4.9,2.4,0.5,0.2,1.3,2.0,9.0,saricda01
434,Olivier Sarr,C,24,OKC,13,0,6.9,0.8,1.4,.556,0.2,0.5,.333,0.6,0.9,.667,.611,0.7,1.0,.692,0.8,1.9,2.7,0.2,0.0,0.5,0.2,1.3,2.4,sarrol01
435,Marcus Sasser,PG,23,DET,50,0,16.3,2.9,6.2,.468,1.2,2.8,.424,1.7,3.4,.503,.563,0.7,0.8,.850,0.1,1.4,1.5,3.0,0.5,0.2,1.0,1.4,7.7,sassema01
436,Admiral Schofield,PF,26,ORL,13,0,3.8,0.5,1.2,.375,0.2,0.8,.300,0.2,0.5,.500,.469,0.0,0.2,.000,0.1,0.5,0.6,0.4,0.0,0.0,0.3,0.5,1.2,schofad01
437,Dennis Schröder,PG,30,TOT,58,36,30.0,4.8,10.9,.436,1.6,4.3,.361,3.2,6.6,.484,.507,2.2,2.7,.833,0.4,2.3,2.7,5.9,0.8,0.1,1.7,2.1,13.3,schrode01
437,Dennis Schröder,PG,30,TOR,51,33,30.6,4.8,11.0,.442,1.5,4.3,.350,3.3,6.6,.501,.511,2.5,2.9,.852,0.4,2.3,2.7,6.1,0.9,0.2,1.6,2.1,13.7,schrode01
437,Dennis Schröder,PG,30,BRK,7,3,25.7,4.1,10.6,.392,1.9,4.1,.448,2.3,6.4,.356,.480,0.4,1.0,.429,0.0,2.4,2.4,3.9,0.4,0.0,2.3,2.3,10.6,schrode01
438,Dereon Seabron,SG,23,NOP,6,0,9.2,0.7,2.2,.308,0.2,0.3,.500,0.5,1.8,.273,.346,0.8,1.0,.833,0.2,1.0,1.2,0.8,0.3,0.2,0.0,0.7,2.3,seabrde01
439,Alperen Şengün,C,21,HOU,57,57,32.5,8.3,15.3,.540,0.5,1.8,.295,7.7,13.5,.573,.558,4.0,5.6,.704,2.8,6.4,9.2,4.9,1.1,0.8,2.7,3.3,21.1,sengual01
440,Brice Sensabaugh,SF,20,UTA,9,0,6.9,1.1,2.7,.417,0.6,1.3,.417,0.6,1.3,.417,.521,0.1,0.1,1.000,0.1,0.8,0.9,0.3,0.1,0.0,0.4,0.7,2.9,sensabr01
441,Collin Sexton,SG,25,UTA,59,36,24.7,6.0,12.4,.485,1.6,4.0,.395,4.4,8.4,.528,.549,4.2,4.9,.868,0.8,1.7,2.5,4.6,0.8,0.2,2.0,2.0,17.9,sextoco01
442,Landry Shamet,SG,26,WAS,41,3,15.9,2.7,6.3,.436,1.2,3.5,.352,1.5,2.7,.545,.535,0.9,1.1,.818,0.4,1.0,1.4,1.2,0.6,0.2,0.6,1.7,7.6,shamela01
443,Day'Ron Sharpe,C,22,BRK,43,1,15.6,2.9,5.0,.583,0.0,0.2,.222,2.9,4.8,.599,.588,1.4,2.3,.622,2.7,4.0,6.8,1.4,0.4,0.7,1.1,2.3,7.3,sharpda01
444,Shaedon Sharpe,SG,20,POR,32,25,33.1,5.5,13.6,.406,1.9,5.6,.333,3.6,7.9,.457,.475,3.1,3.7,.824,1.3,3.7,5.0,2.9,0.9,0.4,2.3,2.8,15.9,sharpsh01
445,Ben Sheppard,SG,22,IND,36,0,11.1,1.3,3.2,.404,0.7,2.1,.329,0.6,1.1,.553,.513,0.4,0.5,.824,0.2,1.1,1.3,0.8,0.5,0.0,0.2,1.3,3.6,sheppbe01
446,Pascal Siakam,PF,29,TOT,57,57,34.2,8.4,15.8,.533,1.2,3.6,.345,7.2,12.3,.587,.571,3.7,5.1,.734,1.5,4.9,6.5,4.8,0.8,0.3,1.9,2.4,21.8,siakapa01
446,Pascal Siakam,PF,29,TOR,39,39,34.7,8.3,16.0,.522,1.2,3.7,.317,7.2,12.3,.584,.559,4.3,5.7,.758,1.4,4.9,6.3,4.9,0.8,0.3,2.1,2.2,22.2,siakapa01
446,Pascal Siakam,PF,29,IND,18,18,33.1,8.7,15.6,.557,1.3,3.2,.414,7.3,12.3,.595,.600,2.4,3.7,.657,1.8,5.0,6.8,4.6,0.9,0.3,1.4,2.8,21.1,siakapa01
447,Ben Simmons,PG,27,BRK,15,12,23.9,2.9,4.9,.581,0.0,0.0,,2.9,4.9,.581,.581,0.4,1.0,.400,2.1,5.9,7.9,5.7,0.8,0.6,1.8,2.4,6.1,simmobe01
448,Anfernee Simons,SG,24,POR,34,34,33.9,7.9,18.5,.425,3.3,8.8,.379,4.5,9.7,.467,.515,3.6,3.9,.917,0.4,3.0,3.5,5.2,0.5,0.1,2.6,2.3,22.6,simonan01
449,Jericho Sims,C,25,NYK,32,10,12.2,0.9,1.3,.714,0.0,0.0,,0.9,1.3,.714,.714,0.3,0.5,.600,1.1,1.9,3.0,0.5,0.1,0.4,0.3,0.9,2.2,simsje01
450,Dmytro Skapintsev,C,25,NYK,2,0,1.0,0.0,0.5,.000,0.0,0.0,,0.0,0.5,.000,.000,0.0,0.0,,0.0,0.0,0.0,0.0,0.0,0.0,0.0,0.0,0.0,skapidm01
451,Jalen Slawson,SF,24,SAC,5,0,3.8,0.4,0.6,.667,0.0,0.2,.000,0.4,0.4,1.000,.667,0.0,0.0,,0.0,0.8,0.8,0.4,0.0,0.2,0.4,0.6,0.8,slawsja01
452,Javonte Smart,PG,24,PHI,1,0,1.0,0.0,0.0,,0.0,0.0,,0.0,0.0,,,0.0,0.0,,0.0,0.0,0.0,0.0,0.0,0.0,0.0,0.0,0.0,smartja01
453,Marcus Smart,PG,29,MEM,20,20,30.3,5.1,11.9,.430,2.1,6.7,.313,3.0,5.2,.583,.519,2.2,2.8,.768,0.3,2.4,2.7,4.3,2.1,0.3,3.1,2.7,14.5,smartma01
454,Dennis Smith Jr.,PG,26,BRK,42,1,19.6,2.8,6.4,.430,0.5,1.8,.273,2.3,4.6,.492,.469,0.8,1.1,.756,1.0,2.3,3.3,3.9,1.1,0.2,1.3,2.2,6.8,smithde03
455,Dru Smith,SG,26,MIA,9,0,14.6,1.7,3.7,.455,0.8,1.9,.412,0.9,1.8,.500,.561,0.2,0.2,1.000,0.7,0.9,1.6,1.6,1.0,0.3,0.6,1.3,4.3,smithdr01
456,Ish Smith,PG,35,CHO,43,5,17.2,1.5,3.7,.418,0.1,0.2,.500,1.4,3.5,.413,.430,0.1,0.1,.750,0.3,1.5,1.8,3.4,0.4,0.1,1.1,1.1,3.2,smithis01
457,Jabari Smith Jr.,PF,20,HOU,53,53,32.0,4.9,10.9,.454,1.7,4.7,.360,3.2,6.2,.526,.532,1.9,2.3,.813,2.0,6.6,8.7,1.5,0.7,0.7,1.3,2.7,13.5,smithja05
458,Jalen Smith,C,23,IND,40,13,18.0,4.1,6.7,.620,1.1,2.4,.464,3.0,4.2,.710,.705,1.1,1.6,.703,1.6,4.0,5.6,1.1,0.3,0.7,0.8,2.2,10.5,smithja04
459,Nick Smith Jr.,SG,19,CHO,37,0,15.5,2.4,5.9,.406,1.4,3.1,.451,1.0,2.8,.356,.523,0.3,0.4,.846,0.4,1.0,1.5,1.2,0.2,0.2,0.9,1.2,6.4,smithni01
460,Terquavion Smith,PG,21,PHI,12,0,5.8,1.3,3.3,.400,1.0,2.6,.387,0.3,0.8,.444,.550,0.2,0.3,.667,0.0,0.2,0.2,0.8,0.6,0.0,0.3,0.3,3.8,smithte01
461,Jeremy Sochan,PF,20,SAS,59,58,29.4,4.4,10.1,.437,0.9,2.8,.329,3.5,7.3,.478,.482,1.4,1.9,.764,1.8,4.2,6.1,3.5,0.8,0.4,1.9,2.3,11.2,sochaje01
462,Pat Spencer,PG,27,GSW,1,0,2.0,0.0,0.0,,0.0,0.0,,0.0,0.0,,,0.0,0.0,,0.0,0.0,0.0,0.0,0.0,0.0,0.0,0.0,0.0,spencpa01
463,Jaden Springer,SG-PG,21,TOT,35,1,10.9,1.3,3.4,.383,0.2,1.1,.211,1.1,2.3,.463,.417,0.8,1.0,.824,0.7,0.9,1.7,1.0,0.7,0.3,0.7,1.4,3.7,sprinja01
463,Jaden Springer,SG,21,PHI,32,1,11.8,1.4,3.7,.390,0.3,1.2,.216,1.2,2.5,.469,.424,0.9,1.1,.824,0.8,1.0,1.8,1.1,0.8,0.3,0.8,1.5,4.0,sprinja01
463,Jaden Springer,PG,21,BOS,3,0,1.7,0.0,0.7,.000,0.0,0.3,.000,0.0,0.3,.000,.000,0.0,0.0,,0.3,0.0,0.3,0.0,0.0,0.0,0.0,0.3,0.0,sprinja01
464,Lamar Stevens,PF,26,TOT,24,1,9.9,2.0,3.8,.527,0.3,0.5,.500,1.8,3.3,.532,.560,0.5,0.8,.650,0.8,1.9,2.7,0.5,0.3,0.5,0.6,0.9,4.8,stevela01
464,Lamar Stevens,PF,26,BOS,19,1,6.4,1.1,2.4,.467,0.2,0.4,.375,0.9,1.9,.486,.500,0.4,0.6,.727,0.6,1.0,1.6,0.4,0.3,0.3,0.5,0.7,2.8,stevela01
464,Lamar Stevens,PF,26,MEM,5,0,23.0,5.4,9.2,.587,0.6,0.8,.750,4.8,8.4,.571,.620,1.0,1.8,.556,1.4,5.4,6.8,1.0,0.4,1.2,1.2,1.4,12.4,stevela01
465,Isaiah Stewart,PF,22,DET,36,35,30.7,4.1,8.6,.469,1.4,3.8,.372,2.6,4.8,.546,.551,1.5,2.0,.740,1.8,5.1,6.9,1.7,0.4,0.8,1.6,2.4,11.0,stewais01
466,Julian Strawther,SF,21,DEN,38,0,13.0,2.0,5.2,.379,1.0,3.3,.306,1.0,1.9,.500,.475,0.5,0.7,.720,0.1,1.3,1.4,1.1,0.4,0.2,0.4,1.3,5.4,strawju01
467,Max Strus,SF,27,CLE,57,57,32.1,4.4,10.6,.418,2.4,7.0,.343,2.0,3.6,.566,.531,1.0,1.3,.773,0.9,3.9,4.8,3.8,0.9,0.5,1.5,2.5,12.3,strusma01
468,Jalen Suggs,SG,22,ORL,54,54,26.5,4.4,9.7,.454,2.0,5.2,.388,2.4,4.5,.531,.558,1.4,1.9,.765,0.7,2.5,3.2,2.5,1.4,0.6,1.9,2.8,12.2,suggsja01
469,Cole Swider,SF,24,MIA,11,0,5.0,0.8,2.3,.360,0.5,1.7,.263,0.4,0.5,.667,.460,0.2,0.2,1.000,0.1,0.3,0.4,0.4,0.1,0.1,0.5,0.2,2.3,swideco01
470,Jae'Sean Tate,SF,28,HOU,53,9,17.1,1.8,3.7,.470,0.4,1.3,.304,1.4,2.4,.558,.523,0.4,0.6,.688,1.0,2.3,3.3,1.1,0.7,0.2,0.5,2.3,4.3,tateja01
471,Jayson Tatum,PF,25,BOS,55,55,35.9,9.2,19.3,.475,3.0,8.4,.361,6.1,10.9,.562,.553,5.6,6.8,.823,0.9,7.7,8.5,4.9,1.0,0.6,2.5,2.0,27.0,tatumja01
472,Terry Taylor,PF,24,CHI,21,0,6.9,0.8,1.4,.533,0.0,0.4,.125,0.7,1.0,.682,.550,0.0,0.0,1.000,0.7,0.7,1.4,0.3,0.2,0.1,0.3,0.7,1.6,taylote01
473,Garrett Temple,SG,37,TOR,16,0,4.3,0.5,1.3,.381,0.1,0.6,.222,0.4,0.8,.500,.429,0.3,0.4,.833,0.3,0.4,0.7,0.4,0.2,0.0,0.3,0.4,1.4,templga01
474,Dalen Terry,SG,21,CHI,38,1,10.3,0.9,2.2,.393,0.3,1.2,.239,0.6,1.0,.579,.458,0.4,0.6,.708,0.4,1.3,1.7,1.3,0.4,0.2,0.5,1.4,2.5,terryda01
475,Daniel Theis,C,31,TOT,41,1,16.7,2.6,4.7,.541,0.4,1.0,.400,2.2,3.8,.578,.582,0.8,1.0,.721,1.5,2.1,3.6,1.0,0.4,0.9,0.7,2.3,6.3,theisda01
475,Daniel Theis,C,31,IND,1,0,8.0,1.0,4.0,.250,0.0,1.0,.000,1.0,3.0,.333,.250,0.0,0.0,,0.0,0.0,0.0,0.0,0.0,0.0,0.0,1.0,2.0,theisda01
475,Daniel Theis,C,31,LAC,40,1,16.9,2.6,4.8,.547,0.4,1.0,.410,2.2,3.8,.583,.589,0.8,1.1,.721,1.5,2.2,3.7,1.0,0.5,0.9,0.7,2.4,6.4,theisda01
476,Cam Thomas,SG,22,BRK,48,33,29.8,7.5,17.3,.437,2.0,5.6,.360,5.5,11.7,.474,.495,3.8,4.5,.839,0.4,2.5,2.9,2.7,0.8,0.3,1.8,2.1,20.9,thomaca02
477,Amen Thompson,SF,21,HOU,39,6,19.8,3.2,6.4,.504,0.2,1.2,.149,3.0,5.2,.587,.518,1.4,2.2,.631,1.8,3.9,5.7,2.4,1.1,0.6,1.5,2.2,7.9,thompam01
478,Ausar Thompson,SF,21,DET,58,33,24.6,3.7,7.5,.494,0.3,1.6,.172,3.4,5.9,.582,.513,1.1,1.8,.590,2.1,4.3,6.4,1.9,1.0,0.9,1.3,2.9,8.7,thompau01
479,Klay Thompson,SF,33,GSW,54,49,30.3,6.1,14.5,.421,3.3,8.8,.376,2.8,5.7,.490,.535,1.7,1.9,.922,0.5,3.0,3.5,2.3,0.6,0.5,1.5,1.8,17.2,thompkl01
480,Tristan Thompson,C,32,CLE,36,0,12.4,1.7,2.6,.649,0.0,0.0,.000,1.7,2.6,.656,.649,0.4,1.2,.310,1.6,2.3,3.9,1.1,0.2,0.3,0.6,1.4,3.8,thomptr01
481,JT Thor,PF,21,CHO,46,1,12.8,1.1,3.0,.364,0.4,1.3,.317,0.7,1.7,.400,.432,0.2,0.3,.538,0.8,1.6,2.4,0.4,0.2,0.4,0.3,1.0,2.8,thorjt01
482,Matisse Thybulle,SF,26,POR,55,19,23.2,1.8,4.8,.383,1.2,3.6,.340,0.6,1.2,.516,.511,0.3,0.4,.773,0.4,1.5,1.9,1.3,1.7,0.8,0.5,1.4,5.2,thybuma01
483,Xavier Tillman Sr.,C-PF,25,TOT,35,13,20.1,2.5,6.1,.411,0.3,1.5,.226,2.2,4.6,.472,.439,0.5,1.2,.419,1.6,2.9,4.5,1.6,1.2,1.0,0.8,1.7,5.9,tillmxa01
483,Xavier Tillman Sr.,C,25,MEM,34,13,20.6,2.6,6.3,.408,0.4,1.6,.226,2.2,4.7,.469,.437,0.5,1.3,.419,1.6,3.0,4.6,1.7,1.2,1.0,0.9,1.8,6.0,tillmxa01
483,Xavier Tillman Sr.,PF,25,BOS,1,0,3.0,1.0,1.0,1.000,0.0,0.0,,1.0,1.0,1.000,1.000,0.0,0.0,,0.0,0.0,0.0,0.0,0.0,1.0,0.0,1.0,2.0,tillmxa01
484,Jacob Toppin,SF,23,NYK,8,0,4.6,0.6,1.1,.556,0.1,0.5,.250,0.5,0.6,.800,.611,0.3,0.3,1.000,0.4,0.5,0.9,0.4,0.0,0.1,0.1,0.4,1.6,toppija01
485,Obi Toppin,PF,25,IND,59,28,22.3,4.1,7.3,.561,1.3,3.2,.399,2.8,4.2,.686,.648,1.0,1.3,.740,1.1,2.8,3.9,1.6,0.5,0.5,0.9,1.8,10.5,toppiob01
486,Juan Toscano-Anderson,SF,30,SAC,11,0,4.8,0.3,1.1,.250,0.1,0.4,.250,0.2,0.7,.250,.292,0.0,0.0,,0.4,0.9,1.3,0.4,0.1,0.1,0.2,1.0,0.6,toscaju01
487,Karl-Anthony Towns,PF,28,MIN,56,56,32.8,8.0,15.6,.514,2.3,5.3,.435,5.7,10.3,.554,.587,4.3,4.9,.879,1.5,7.0,8.5,2.9,0.7,0.7,2.8,3.3,22.6,townska01
488,Gary Trent Jr.,SG,25,TOR,53,23,26.6,4.3,10.3,.420,2.4,5.8,.414,1.9,4.5,.427,.536,0.7,0.9,.700,0.3,2.0,2.3,1.5,0.9,0.2,0.7,1.3,11.7,trentga02
489,Oscar Tshiebwe,PF,24,IND,7,0,5.3,1.3,2.4,.529,0.0,0.0,,1.3,2.4,.529,.529,0.7,0.9,.833,0.9,1.1,2.0,0.3,0.3,0.0,0.0,0.3,3.3,tshieos01
490,P.J. Tucker,PF,38,TOT,17,3,15.2,0.4,1.2,.300,0.3,0.9,.313,0.1,0.2,.250,.425,0.2,0.2,1.000,1.0,1.7,2.7,0.5,0.5,0.2,0.2,2.2,1.2,tuckepj01
490,P.J. Tucker,PF,38,PHI,3,3,22.0,0.7,1.7,.400,0.7,1.7,.400,0.0,0.0,,.600,0.0,0.0,,0.3,4.3,4.7,0.0,1.0,0.7,0.7,3.0,2.0,tuckepj01
490,P.J. Tucker,PF,38,LAC,14,0,13.7,0.3,1.1,.267,0.2,0.8,.273,0.1,0.3,.250,.367,0.2,0.2,1.000,1.1,1.1,2.3,0.6,0.4,0.1,0.1,2.0,1.0,tuckepj01
491,Myles Turner,C,27,IND,55,55,27.4,6.3,11.9,.529,1.4,4.1,.335,4.9,7.8,.631,.587,3.5,4.4,.789,1.6,5.5,7.1,1.3,0.6,1.7,1.5,3.2,17.4,turnemy01
492,Hunter Tyson,PF,23,DEN,9,0,3.0,0.1,0.8,.143,0.0,0.7,.000,0.1,0.1,1.000,.143,0.0,0.0,,0.0,0.7,0.7,0.1,0.0,0.0,0.2,0.7,0.2,tysonhu01
493,Stanley Umude,SG,24,DET,17,0,11.2,1.5,3.1,.481,1.0,1.8,.548,0.5,1.2,.381,.644,1.3,1.4,.917,0.2,1.6,1.8,0.5,0.2,0.3,0.6,1.6,5.2,umudest01
494,Jonas Valančiūnas,C,31,NOP,59,59,25.5,5.5,9.6,.569,0.5,1.6,.344,4.9,8.0,.613,.597,2.2,2.8,.795,2.7,6.9,9.6,2.3,0.4,1.0,1.4,2.9,13.7,valanjo01
495,Jarred Vanderbilt,PF,24,LAL,29,6,20.0,2.0,3.9,.518,0.3,0.9,.296,1.8,3.0,.586,.553,0.8,1.2,.667,1.4,3.3,4.8,1.2,1.2,0.2,1.0,1.5,5.2,vandeja01
496,Fred VanVleet,PG,29,HOU,51,51,36.6,5.4,13.4,.406,2.9,7.8,.372,2.5,5.6,.453,.514,2.5,2.9,.853,0.4,3.3,3.7,7.9,1.1,0.9,1.7,2.3,16.3,vanvlfr01
497,Devin Vassell,SG,23,SAS,54,48,31.9,7.1,15.1,.468,2.5,6.7,.374,4.6,8.4,.543,.551,2.5,3.1,.793,0.4,3.3,3.8,3.8,1.0,0.3,1.5,1.0,19.1,vassede01
498,Sasha Vezenkov,PF,28,SAC,35,0,12.6,2.1,4.7,.448,1.1,2.9,.380,1.0,1.9,.554,.564,0.3,0.4,.769,0.9,1.6,2.5,0.4,0.5,0.2,0.3,1.0,5.6,vezenal01
499,Gabe Vincent,PG,27,LAL,5,0,25.4,2.4,6.4,.375,0.4,3.4,.118,2.0,3.0,.667,.406,0.2,0.4,.500,0.4,0.6,1.0,3.0,1.2,0.0,0.4,2.4,5.4,vincega01
500,Nikola Vučević,C,33,CHI,53,51,34.5,7.6,16.0,.475,1.1,4.2,.270,6.5,11.8,.548,.511,1.4,1.6,.851,2.8,7.9,10.7,3.4,0.7,0.8,1.5,2.6,17.8,vucevni01
501,Dean Wade,PF,27,CLE,48,30,20.2,1.7,4.2,.408,1.4,3.6,.394,0.3,0.5,.500,.580,0.3,0.4,.789,0.7,3.4,4.1,0.8,0.8,0.4,0.4,1.8,5.2,wadede01
502,Franz Wagner,SF,22,ORL,51,51,33.1,7.7,16.1,.480,1.6,5.0,.313,6.1,11.0,.556,.529,3.8,4.4,.854,1.0,4.6,5.6,4.1,1.0,0.4,2.1,2.3,20.8,wagnefr01
503,Moritz Wagner,C,26,ORL,57,1,18.4,4.2,7.2,.589,0.5,1.4,.329,3.8,5.8,.653,.622,2.3,2.9,.806,1.6,2.9,4.5,1.2,0.5,0.3,1.2,2.2,11.3,wagnemo01
504,Ish Wainright,SF,29,POR,7,0,6.6,0.9,2.6,.333,0.9,2.3,.375,0.0,0.3,.000,.500,0.3,0.3,1.000,0.0,1.3,1.3,0.0,0.3,0.1,0.1,0.6,2.9,wainris01
505,Jabari Walker,SF,21,POR,53,14,21.9,3.0,6.4,.463,0.5,1.9,.267,2.5,4.5,.546,.503,1.7,2.2,.754,2.0,4.3,6.3,0.8,0.6,0.4,0.9,2.2,8.2,walkeja01
506,Jarace Walker,PF,20,IND,19,0,9.5,1.5,3.5,.418,0.6,1.7,.364,0.8,1.8,.471,.507,0.3,0.4,.857,0.4,1.2,1.6,1.1,0.5,0.3,0.5,0.9,3.9,walkeja02
507,Lonnie Walker IV,SG,25,BRK,38,0,18.1,4.0,8.9,.451,2.1,4.9,.425,1.9,4.0,.484,.568,1.0,1.3,.776,0.2,1.9,2.2,1.5,0.7,0.3,1.0,1.2,11.1,walkelo01
508,Cason Wallace,SG,20,OKC,58,9,20.6,2.6,5.2,.507,1.2,2.9,.416,1.4,2.3,.619,.622,0.4,0.5,.786,0.6,1.6,2.2,1.3,0.7,0.4,0.4,1.6,6.8,wallaca01
509,Jordan Walsh,SF,19,BOS,4,0,8.3,0.3,1.3,.200,0.0,0.8,.000,0.3,0.5,.500,.200,0.0,0.0,,0.5,2.3,2.8,0.5,0.5,0.3,0.5,1.3,0.5,walshjo01
510,P.J. Washington,PF,25,TOT,50,22,29.4,5.0,11.2,.443,1.7,5.4,.313,3.3,5.8,.562,.518,1.4,2.1,.689,1.1,4.1,5.2,2.1,0.9,0.7,1.5,2.5,13.0,washipj01
510,P.J. Washington,PF,25,CHO,44,17,29.2,5.2,11.6,.446,1.8,5.5,.324,3.4,6.0,.558,.524,1.5,2.1,.713,1.2,4.1,5.3,2.2,0.9,0.7,1.5,2.5,13.6,washipj01
510,P.J. Washington,PF,25,DAL,6,5,30.8,3.5,8.5,.412,0.8,4.0,.208,2.7,4.5,.593,.461,0.7,1.5,.444,0.7,4.3,5.0,1.7,1.2,0.5,1.7,2.5,8.5,washipj01
511,TyTy Washington Jr.,PG,22,MIL,5,0,4.2,0.2,1.4,.143,0.2,0.6,.333,0.0,0.8,.000,.214,0.0,0.0,,0.0,0.2,0.2,0.2,0.4,0.0,0.4,0.0,0.6,washity02
512,Yuta Watanabe,SF,29,TOT,32,0,13.8,1.3,3.6,.360,0.8,2.6,.298,0.5,0.9,.533,.469,0.3,0.5,.667,0.3,1.3,1.6,0.4,0.3,0.2,0.5,1.1,3.7,watanyu01
512,Yuta Watanabe,SF,29,PHO,29,0,13.2,1.2,3.3,.361,0.8,2.6,.320,0.4,0.8,.500,.485,0.3,0.5,.667,0.4,1.2,1.6,0.3,0.3,0.2,0.6,1.2,3.6,watanyu01
512,Yuta Watanabe,SF,29,MEM,3,0,19.3,2.0,5.7,.353,0.3,3.0,.111,1.7,2.7,.625,.382,0.0,0.0,,0.0,2.3,2.3,1.0,0.7,0.0,0.3,0.7,4.3,watanyu01
513,Lindy Waters III,SG,26,OKC,24,0,7.1,1.0,2.2,.442,0.9,2.0,.438,0.1,0.2,.500,.644,0.0,0.0,,0.0,0.9,1.0,0.5,0.0,0.2,0.2,0.7,2.8,waterli01
514,Trendon Watford,PF,23,BRK,41,0,11.9,2.3,4.4,.536,0.3,0.9,.368,2.0,3.4,.582,.575,1.0,1.1,.894,0.9,1.8,2.7,1.3,0.4,0.2,0.8,1.6,6.0,watfotr01
515,Peyton Watson,SF,21,DEN,56,4,18.2,2.6,5.5,.474,0.7,2.1,.345,1.9,3.4,.552,.539,1.0,1.4,.684,0.7,2.3,2.9,1.0,0.6,0.9,0.8,1.8,6.9,watsope01
516,Victor Wembanyama,C,20,SAS,53,53,28.6,7.5,16.2,.466,1.6,5.0,.317,5.9,11.2,.532,.515,3.9,4.8,.816,2.2,8.0,10.2,3.3,1.3,3.3,3.5,2.2,20.6,wembavi01
517,Blake Wesley,SG,20,SAS,38,1,13.2,1.6,3.2,.492,0.1,0.8,.138,1.5,2.4,.602,.508,0.7,1.2,.614,0.3,0.9,1.2,2.6,0.5,0.1,0.8,1.5,4.0,weslebl01
518,Russell Westbrook,PG,35,LAC,56,10,22.9,4.5,9.9,.452,0.7,2.4,.272,3.8,7.5,.511,.486,1.5,2.3,.667,1.4,3.8,5.2,4.5,1.1,0.4,2.1,1.7,11.2,westbru01
519,Coby White,PG,23,CHI,58,58,36.4,6.9,15.2,.452,2.8,7.2,.390,4.1,8.0,.509,.545,2.8,3.4,.828,0.5,4.2,4.7,5.2,0.7,0.2,2.2,2.3,19.4,whiteco01
520,Derrick White,SG,29,BOS,54,54,32.2,5.4,11.6,.467,2.7,6.7,.400,2.7,4.9,.558,.582,2.1,2.3,.897,0.6,3.3,3.9,4.8,1.1,1.2,1.6,2.1,15.6,whitede01
521,Cam Whitmore,SF,19,HOU,32,1,17.3,4.4,9.2,.475,1.7,4.4,.383,2.7,4.8,.558,.566,1.5,2.3,.662,0.6,2.9,3.5,0.5,0.6,0.3,0.9,1.3,12.0,whitmca01
522,Aaron Wiggins,SG,25,OKC,55,0,14.4,2.4,4.2,.574,0.8,1.6,.512,1.6,2.6,.611,.670,0.6,0.8,.786,0.7,1.6,2.3,0.9,0.5,0.1,0.6,1.2,6.2,wiggiaa01
523,Andrew Wiggins,SF,28,GSW,51,40,27.2,4.9,10.7,.455,1.2,3.3,.351,3.7,7.4,.501,.509,1.8,2.5,.727,1.5,2.7,4.3,1.7,0.6,0.5,1.2,2.2,12.7,wiggian01
524,Lindell Wigginton,PG,25,MIL,3,0,2.7,0.7,1.7,.400,0.0,0.7,.000,0.7,1.0,.667,.400,0.7,0.7,1.000,0.0,0.0,0.0,0.0,0.0,0.0,0.3,0.3,2.0,wiggili01
525,Alondes Williams,SG,24,MIA,2,0,4.5,0.0,1.5,.000,0.0,1.0,.000,0.0,0.5,.000,.000,0.0,0.0,,0.0,0.5,0.5,0.0,0.0,0.0,0.5,0.0,0.0,willial06
526,Brandon Williams,PG,24,DAL,12,0,4.9,0.7,1.8,.364,0.2,0.5,.333,0.5,1.3,.375,.409,0.5,0.9,.545,0.3,0.3,0.6,1.0,0.1,0.1,0.3,0.2,2.0,willibr03
527,Grant Williams,PF,25,TOT,54,33,26.6,3.0,7.2,.420,1.7,4.6,.373,1.3,2.6,.504,.540,1.1,1.4,.770,1.0,2.8,3.8,1.7,0.5,0.5,1.2,2.8,8.8,willigr01
527,Grant Williams,PF,25,DAL,47,33,26.4,2.8,6.7,.413,1.7,4.5,.376,1.1,2.3,.486,.538,0.9,1.2,.745,1.0,2.6,3.6,1.7,0.5,0.6,1.1,2.9,8.1,willigr01
527,Grant Williams,PF,25,CHO,7,0,27.9,4.6,10.1,.451,2.0,5.6,.359,2.6,4.6,.563,.549,2.3,2.7,.842,1.1,3.7,4.9,1.7,0.4,0.3,1.4,2.3,13.4,willigr01
528,Jalen Williams,PF,22,OKC,52,52,32.0,7.5,13.9,.544,1.5,3.3,.454,6.0,10.5,.572,.598,2.6,3.2,.801,0.5,3.5,4.0,4.7,1.0,0.5,1.7,2.7,19.2,willija06
529,Jaylin Williams,C,21,OKC,49,0,12.6,1.3,3.2,.396,0.8,2.1,.363,0.5,1.2,.456,.513,0.4,0.6,.815,0.5,2.7,3.2,1.4,0.4,0.4,0.4,1.4,3.8,willija07
530,Jeenathan Williams,SG,24,HOU,11,0,6.9,1.3,2.7,.467,0.1,0.3,.333,1.2,2.5,.481,.483,0.4,0.6,.571,0.7,0.2,0.9,0.5,0.2,0.0,0.2,0.8,3.0,willije02
531,Kenrich Williams,PF,29,OKC,47,1,14.6,1.8,3.8,.461,0.8,2.1,.402,0.9,1.8,.530,.569,0.1,0.2,.300,0.7,2.1,2.8,1.2,0.5,0.1,0.4,1.4,4.4,willike04
532,Mark Williams,C,22,CHO,19,19,26.7,5.2,7.9,.649,0.0,0.0,,5.2,7.9,.649,.649,2.4,3.4,.719,4.0,5.7,9.7,1.2,0.8,1.1,0.9,2.6,12.7,willima07
533,Patrick Williams,PF,22,CHI,43,30,27.3,3.7,8.3,.443,1.4,3.4,.399,2.3,4.9,.474,.525,1.2,1.5,.788,1.1,2.8,3.9,1.5,0.9,0.8,1.3,2.0,10.0,willipa01
534,Robert Williams,C,26,POR,6,0,19.8,2.8,4.3,.654,0.0,0.0,,2.8,4.3,.654,.654,1.2,1.5,.778,1.8,4.5,6.3,0.8,1.2,1.2,1.2,2.8,6.8,williro04
535,Vince Williams Jr.,SG,23,MEM,46,27,26.8,3.1,6.8,.448,1.5,4.0,.368,1.6,2.8,.562,.556,1.9,2.4,.809,1.2,4.4,5.6,3.1,0.9,0.6,1.5,2.5,9.5,willivi01
536,Ziaire Williams,SF,22,MEM,48,12,19.6,2.9,7.2,.398,1.1,3.6,.309,1.8,3.6,.488,.476,1.2,1.4,.812,0.7,2.7,3.4,1.5,0.7,0.2,1.3,1.7,8.0,willizi02
537,Zion Williamson,PF,23,NOP,48,48,30.8,8.8,15.3,.578,0.1,0.2,.364,8.8,15.1,.581,.580,4.7,6.8,.691,1.8,3.8,5.6,5.1,0.9,0.5,2.6,2.4,22.4,willizi01
538,Jalen Wilson,PF,23,BRK,20,1,13.5,1.7,3.5,.486,0.7,1.4,.464,1.1,2.1,.500,.579,0.9,1.0,.895,1.0,1.3,2.3,1.1,0.3,0.1,0.2,1.0,4.9,wilsoja03
539,Dylan Windler,SF,27,TOT,11,0,3.2,0.5,1.0,.455,0.5,0.9,.500,0.0,0.1,.000,.682,0.0,0.0,,0.0,0.4,0.4,0.6,0.0,0.0,0.0,0.3,1.4,windldy01
539,Dylan Windler,SF,27,NYK,3,0,2.3,0.3,0.7,.500,0.3,0.7,.500,0.0,0.0,,.750,0.0,0.0,,0.0,0.3,0.3,0.3,0.0,0.0,0.0,0.3,1.0,windldy01
539,Dylan Windler,SF,27,LAL,8,0,3.5,0.5,1.1,.444,0.5,1.0,.500,0.0,0.1,.000,.667,0.0,0.0,,0.0,0.4,0.4,0.8,0.0,0.0,0.0,0.3,1.5,windldy01
540,James Wiseman,C,22,DET,39,0,14.4,2.5,3.8,.658,0.0,0.1,.000,2.5,3.8,.667,.658,0.8,1.3,.620,1.5,2.6,4.1,0.7,0.2,0.6,0.8,2.1,5.8,wisemja01
541,Christian Wood,PF,28,LAL,50,1,17.4,2.5,5.3,.466,0.7,2.3,.307,1.8,3.0,.587,.532,1.3,1.9,.702,0.8,4.3,5.1,1.0,0.3,0.7,1.0,1.4,6.9,woodch01
542,Delon Wright,PG,31,TOT,35,1,14.5,1.5,3.7,.400,0.5,1.2,.381,1.0,2.5,.409,.462,0.8,1.0,.829,0.4,1.4,1.8,2.6,1.1,0.3,0.3,0.7,4.3,wrighde01
542,Delon Wright,PG,31,WAS,33,0,13.8,1.5,3.7,.393,0.4,1.2,.368,1.0,2.5,.405,.451,0.7,0.9,.828,0.4,1.4,1.8,2.5,1.1,0.2,0.3,0.7,4.1,wrighde01
542,Delon Wright,PG,31,MIA,2,1,26.0,2.0,4.0,.500,1.0,2.0,.500,1.0,2.0,.500,.625,2.5,3.0,.833,0.5,1.5,2.0,4.5,1.5,0.5,0.0,0.5,7.5,wrighde01
543,Thaddeus Young,PF,35,TOT,24,6,15.4,2.3,3.8,.611,0.0,0.3,.167,2.3,3.5,.643,.617,0.2,0.5,.417,1.5,2.0,3.5,2.1,0.8,0.1,0.5,1.8,4.8,youngth01
543,Thaddeus Young,PF,35,TOR,23,6,15.2,2.3,3.8,.621,0.0,0.3,.167,2.3,3.5,.654,.626,0.2,0.5,.417,1.3,2.0,3.3,2.2,0.8,0.1,0.5,1.7,5.0,youngth01
543,Thaddeus Young,PF,35,PHO,1,0,19.0,1.0,3.0,.333,0.0,0.0,,1.0,3.0,.333,.333,0.0,0.0,,6.0,2.0,8.0,0.0,1.0,0.0,1.0,4.0,2.0,youngth01
544,Trae Young,PG,25,ATL,51,51,36.5,8.2,19.3,.426,3.3,8.9,.371,4.9,10.3,.473,.512,6.6,7.8,.856,0.4,2.3,2.7,10.8,1.4,0.2,4.3,2.1,26.4,youngtr01
545,Omer Yurtseven,C,25,UTA,31,6,8.8,1.3,2.7,.488,0.1,0.5,.250,1.2,2.2,.544,.512,0.2,0.4,.538,1.2,2.4,3.5,0.4,0.1,0.4,0.8,1.2,3.0,yurtsom01
546,Cody Zeller,C,31,NOP,37,0,7.9,0.6,1.5,.407,0.0,0.1,.333,0.6,1.4,.412,.417,0.6,0.9,.600,1.1,1.6,2.6,0.9,0.2,0.1,0.4,1.1,1.8,zelleco01
547,Ivica Zubac,C,26,LAC,46,46,26.7,5.1,7.8,.655,0.0,0.0,,5.1,7.8,.655,.655,1.7,2.6,.667,3.0,6.4,9.5,1.3,0.2,1.3,1.2,2.8,12.0,zubaciv01